route_avg_temp,route_avg_wind_speed,route_avg_precip,route_avg_humidity,route_avg_visibility,route_avg_pressure,origin_avg_temp,origin_avg_wind_speed,origin_avg_precip,origin_avg_humidity,origin_avg_visibility,origin_avg_pressure,dest_avg_temp,dest_avg_wind_speed,dest_avg_precip,dest_avg_humidity,dest_avg_visibility,dest_avg_pressure,truck_age,load_capacity_pounds,mileage_mpg,age,experience,average_speed_mph,avg_no_of_vehicles,distance,average_hours,route_description,origin_description,dest_description,accident,fuel_type,gender,driving_style,ratings,is_midnight,delay
64.5,9.5,0.0,57.75,6.0,1014.0,32.416666666666664,9.0,0.041666666666666664,78.0,4.458333333333333,1021.5,29.666666666666668,12.916666666666666,0.03333333333333333,86.45833333333333,3.75,1013.0416666666666,9,6000.0,21,47,6,63.95,1567.7083333333333,263.46,5.27,Sunny,Overcast,Blizzard,1,diesel,male,Unknown,3,0,0
49.0,9.75,0.0,73.5,5.75,1022.0,21.291666666666668,5.041666666666667,0.0,72.41666666666667,6.0,1021.625,30.791666666666668,6.208333333333333,0.0,96.91666666666667,2.875,1024.5416666666667,10,4000.0,17,49,6,60.89,1763.9583333333333,7267.89,145.36,Sunny,Sunny,Mist,1,gas,male,proactive,4,1,1
54.25,7.5,0.0,92.75,2.75,1007.75,73.54166666666667,2.7083333333333335,0.0,68.29166666666667,6.0,1013.375,29.875,8.041666666666666,0.0,89.08333333333333,5.166666666666667,1019.0,11,20000.0,19,47,8,62.95,1775.875,2531.01,50.62,Light drizzle,Partly cloudy,Partly cloudy,1,gas,male,proactive,2,1,1
34.5,11.0,0.0,51.75,6.0,1022.75,77.16666666666667,3.5416666666666665,0.0,79.70833333333333,6.0,1014.5416666666666,62.916666666666664,3.3333333333333335,0.0,67.91666666666667,6.0,1012.25,10,6000.0,20,54,21,41.33,1765.8333333333333,1129.55,22.59,Sunny,Partly cloudy,Clear,0,gas,male,conservative,7,1,0
51.0,10.0,0.0,81.75,6.0,1016.25,51.979166666666664,4.708333333333333,0.010416666666666666,71.72916666666667,5.604166666666667,1017.4791666666666,25.708333333333332,10.333333333333334,0.0,84.5,4.916666666666667,1011.2916666666666,10,4000.0,21,41,10,62.65,1588.0416666666667,349.44,6.99,Clear,Partly cloudy,Overcast,1,diesel,male,proactive,7,0,0
71.0,5.75,0.0,80.0,6.0,1018.5,52.354166666666664,6.8125,0.0020833333333333333,54.3125,5.895833333333333,1015.25,17.958333333333332,3.0416666666666665,0.0,55.875,6.0,1031.4166666666667,13,15000.0,19,46,5,63.57,1744.16,828.73,16.57,Clear,Clear,Sunny,0,gas,male,proactive,2,1,0
43.0,8.0,0.0,70.75,5.75,1016.25,-11.791666666666666,5.541666666666667,0.0,74.83333333333333,3.5416666666666665,1030.25,55.208333333333336,4.625,0.0,86.79166666666667,5.916666666666667,1013.625,10,15000.0,24,49,10,40.13,830.7916666666666,1543.01,30.86,Light sleet,Heavy snow,Partly cloudy,1,diesel,male,conservative,2,1,1
43.5,3.75,0.05,86.25,5.0,1017.75,48.666666666666664,9.375,0.05416666666666667,88.58333333333333,4.833333333333333,1010.0833333333334,37.333333333333336,4.708333333333333,0.0,77.95833333333333,5.291666666666667,1014.4583333333334,8,10000.0,23,42,18,44.79,1650.9166666666667,528.34,10.57,Moderate or heavy rain shower,Light rain shower,Sunny,1,diesel,male,conservative,8,0,0
59.0,7.0,0.0,89.0,3.5,1018.0,25.458333333333332,14.833333333333334,0.016666666666666666,88.95833333333333,1.375,1010.7083333333334,29.916666666666668,13.0,0.008333333333333333,82.08333333333333,1.0416666666666667,1010.625,12,10000.0,24,47,19,60.59,607.9583333333334,110.4,2.21,Cloudy,Blizzard,Blizzard,1,diesel,male,proactive,9,0,1
50.5,3.75,0.0,79.5,6.0,1012.5,22.208333333333332,9.125,0.0,66.54166666666667,5.833333333333333,1021.0833333333334,18.875,12.75,0.0,80.41666666666667,2.7083333333333335,1015.75,12,15000.0,18,45,3,43.94,1762.9583333333333,247.63,4.95,Clear,Light snow,Moderate snow,1,gas,male,conservative,4,0,0
56.5,6.75,0.0,76.5,6.0,1013.75,74.70833333333333,3.5416666666666665,0.008333333333333333,84.125,5.791666666666667,1018.2083333333334,51.166666666666664,10.5,0.0,64.875,6.0,1027.3333333333333,11,3000.0,19,54,22,42.4,1865.7916666666667,1062.45,21.25,Light rain,Light rain shower,Clear,1,gas,male,conservative,4,1,0
34.5,3.75,0.0,81.0,6.0,1011.5,-3.125,8.5,0.0,47.875,5.25,1032.2916666666667,17.583333333333332,3.875,0.0,76.66666666666667,6.0,1023.2083333333334,12,3000.0,23,52,21,63.41,1461.0,1358.36,27.17,Clear,Partly cloudy,Partly cloudy,0,diesel,male,proactive,8,1,1
65.5,10.0,0.0,70.0,6.0,1001.5,19.083333333333332,10.208333333333334,0.0,78.83333333333333,6.0,1025.9166666666667,25.458333333333332,14.833333333333334,0.016666666666666666,88.95833333333333,1.375,1010.7083333333334,12,3000.0,25,47,9,35.86,1728.875,1050.84,21.02,Light rain,Sunny,Blizzard,1,diesel,male,conservative,8,1,1
55.0,9.0,0.0,80.75,6.0,999.5,7.916666666666667,4.875,0.0,80.75,5.0,1029.5,35.333333333333336,10.625,0.0,79.83333333333333,6.0,1025.7916666666667,10,6000.0,26,50,10,35.29,1653.5,776.33,15.53,Thundery outbreaks possible,Clear,Light snow,0,diesel,male,conservative,4,0,0
41.75,4.75,0.05,82.5,5.0,1014.75,30.291666666666668,10.5,0.0,89.16666666666667,5.375,1015.0833333333334,75.375,9.958333333333334,0.0,56.458333333333336,6.0,1013.5416666666666,9,4000.0,20,47,14,62.0,1690.5416666666667,8994.17,179.88,Moderate or heavy rain shower,Overcast,Clear,0,diesel,male,proactive,4,1,1
48.0,15.5,0.025,86.5,5.5,1011.25,32.583333333333336,6.541666666666667,0.0,61.166666666666664,6.0,1017.375,54.583333333333336,4.541666666666667,0.0,90.45833333333333,4.75,1024.0833333333333,11,4000.0,24,38,4,45.96,1733.125,1590.79,31.82,Clear,Clear,Overcast,1,diesel,Unknown,conservative,2,1,0
53.5,3.0,0.0,80.5,6.0,1018.25,60.75,17.541666666666668,0.0,79.75,6.0,1006.5416666666666,39.875,11.208333333333334,0.0,95.54166666666667,6.0,1016.625,8,3000.0,23,49,8,62.06,1760.5416666666667,817.86,16.36,Clear,Cloudy,Partly cloudy,1,diesel,male,proactive,4,1,0
45.0,8.75,0.0,49.25,4.25,1016.5,23.458333333333332,11.583333333333334,0.004166666666666667,82.04166666666667,5.333333333333333,1022.875,20.583333333333332,17.0,0.004166666666666667,77.45833333333333,2.25,1020.75,10,15000.0,22,46,7,44.02,1543.4583333333333,966.04,19.32,Clear,Overcast,Blizzard,1,diesel,male,conservative,4,1,1
77.0,4.0,0.0,65.5,5.0,1016.75,19.791666666666668,16.791666666666668,0.012500000000000002,91.625,2.8333333333333335,1007.2083333333334,61.083333333333336,7.25,0.0,74.95833333333333,6.0,1014.1666666666666,8,3000.0,20,54,17,40.79,1022.9166666666666,896.17,17.92,Moderate or heavy rain shower,Heavy snow,Sunny,1,diesel,male,conservative,9,1,1
73.0,6.75,0.0,60.25,6.0,1016.0,15.291666666666666,6.083333333333333,0.0,76.875,5.208333333333333,1044.2083333333333,-6.541666666666667,7.5,0.0,90.75,4.541666666666667,1041.8333333333333,5,4000.0,18,48,15,62.0,1704.125,572.66,11.45,Clear,Partly cloudy,Overcast,0,gas,male,proactive,6,0,1
45.5,7.5,0.0,47.25,6.0,1026.25,22.583333333333332,11.833333333333334,0.03333333333333333,94.04166666666667,1.625,1008.5416666666666,28.708333333333332,9.0,0.025000000000000005,72.54166666666667,4.916666666666667,1026.25,12,3000.0,23,36,4,59.21,458.3333333333333,958.67,19.17,Clear,Heavy snow,Overcast,1,diesel,male,proactive,8,1,1
17.0,9.75,0.025,92.5,3.5,1026.25,50.416666666666664,9.708333333333334,0.0,85.41666666666667,5.125,1013.2083333333334,30.916666666666668,5.083333333333333,0.0,35.208333333333336,6.0,1029.875,12,15000.0,18,45,3,43.94,1508.75,641.57,12.83,Heavy snow,Cloudy,Partly cloudy,1,gas,male,conservative,4,0,0
49.0,7.5,0.0,63.5,6.0,1019.75,18.208333333333332,3.5416666666666665,0.0,61.75,6.0,1044.2083333333333,21.041666666666668,7.333333333333333,0.0,44.041666666666664,6.0,1044.1666666666667,9,3000.0,15,49,7,64.47,1732.9583333333333,222.41,4.45,Partly cloudy,Light snow,Clear,0,gas,male,Unknown,8,0,0
41.0,5.75,0.025,97.75,4.0,1012.0,13.875,13.541666666666666,0.012500000000000002,89.5,3.5416666666666665,1023.875,30.5,16.375,0.02916666666666667,84.70833333333333,1.5416666666666667,1013.4166666666666,7,15000.0,16,45,11,35.32,1386.8333333333333,211.56,4.23,Light rain,Blizzard,Blizzard,1,gas,male,conservative,4,0,1
41.5,8.75,0.0,84.0,6.0,1022.75,27.75,9.541666666666666,0.0,55.416666666666664,6.0,1027.8333333333333,0.5416666666666666,7.958333333333333,0.0,90.375,4.291666666666667,1026.1666666666667,9,15000.0,23,57,28,64.32,1791.2916666666667,512.74,10.25,Clear,Clear,Heavy snow,1,Unknown,male,Unknown,9,0,0
63.5,2.0,0.0,79.25,3.5,1014.5,-3.25,14.458333333333334,0.0,66.04166666666667,4.583333333333333,1022.3333333333334,14.416666666666666,7.666666666666667,0.0,47.541666666666664,5.416666666666667,1028.375,10,15000.0,23,53,15,63.16,1627.7083333333333,705.5,14.11,Clear,Partly cloudy,Overcast,0,diesel,male,proactive,4,0,1
71.0,11.0,0.0,80.0,6.0,1014.75,32.583333333333336,10.291666666666666,0.0,50.666666666666664,6.0,1017.0,49.375,6.291666666666667,0.0,41.166666666666664,6.0,1023.1666666666666,10,4000.0,15,37,6,45.35,1863.875,2408.09,48.16,Cloudy,Clear,Clear,1,gas,male,conservative,2,1,0
76.25,6.25,0.025,69.75,5.0,1012.5,17.666666666666668,13.083333333333334,0.0,67.875,6.0,1037.3333333333333,-6.541666666666667,7.5,0.0,90.75,4.541666666666667,1041.8333333333333,7,10000.0,25,48,10,47.36,1858.875,330.15,6.6,Moderate or heavy rain shower,Sunny,Overcast,0,diesel,male,conservative,7,0,0
29.0,2.0,0.0,92.25,3.0,1026.25,73.66666666666667,7.458333333333333,0.0,67.33333333333333,6.0,1015.5416666666666,29.125,9.5,0.016666666666666666,83.16666666666667,1.375,1017.6666666666666,12,15000.0,24,47,14,38.69,1898.9166666666667,1668.64,33.37,Clear,Clear,Heavy snow,0,diesel,male,conservative,6,1,1
51.5,7.25,0.0,77.0,6.0,1013.75,22.208333333333332,9.125,0.0,66.54166666666667,5.833333333333333,1021.0833333333334,33.041666666666664,7.791666666666667,0.0,61.291666666666664,6.0,1013.4583333333334,12,3000.0,23,36,4,59.21,1754.625,438.02,8.76,Partly cloudy,Light snow,Clear,0,diesel,male,proactive,8,0,0
53.0,5.5,0.0,75.5,4.75,1019.75,40.5,10.25,0.0,78.41666666666667,6.0,1021.3333333333334,35.541666666666664,13.583333333333334,0.012500000000000002,75.29166666666667,3.75,1015.4583333333334,10,10000.0,23,40,6,49.74,1754.75,313.89,6.28,Clear,Overcast,Moderate snow,1,diesel,Unknown,conservative,4,0,1
67.5,10.0,0.0,61.75,6.0,1015.75,31.0,3.9166666666666665,0.0,92.33333333333333,3.5833333333333335,1014.5,38.458333333333336,6.625,0.0,52.458333333333336,6.0,1020.5,8,4000.0,24,42,6,37.74,1093.9166666666667,1103.33,22.07,Overcast,Heavy snow,Clear,0,diesel,male,conservative,4,1,1
54.5,10.75,0.025,71.5,5.0,1012.75,19.166666666666668,10.208333333333334,0.0,74.33333333333333,4.458333333333333,1019.6666666666666,74.08333333333333,4.125,0.0,85.875,6.0,1016.2916666666666,9,10000.0,15,44,12,59.99,1549.9583333333333,1817.5,36.35,Moderate or heavy rain shower,Moderate snow,Patchy rain possible,1,gas,male,proactive,8,1,0
56.5,9.5,0.0,69.0,5.75,1012.75,67.16666666666667,6.416666666666667,0.03333333333333333,85.91666666666667,3.6666666666666665,1021.4583333333334,25.166666666666668,19.583333333333332,0.0,48.375,6.0,1027.8333333333333,9,4000.0,17,50,8,48.74,1227.1666666666667,1618.56,32.37,Partly cloudy,Moderate rain,Clear,0,gas,male,conservative,8,1,0
63.5,8.5,0.0,61.5,6.0,1010.25,34.083333333333336,6.5,0.008333333333333333,90.125,4.0,1015.875,39.208333333333336,7.75,0.0,71.875,6.0,1011.875,11,4000.0,19,42,9,43.5,1315.6666666666667,370.26,7.41,Clear,Clear,Clear,0,gas,male,conservative,7,0,0
35.0,11.75,0.0,73.0,4.0,1008.25,50.416666666666664,9.708333333333334,0.0,85.41666666666667,5.125,1013.2083333333334,56.375,9.791666666666666,0.0,77.66666666666667,6.0,1009.8333333333334,12,3000.0,26,52,22,63.63,1508.75,240.42,4.81,Blowing snow,Cloudy,Clear,1,diesel,male,proactive,6,0,0
66.0,5.25,0.0,69.5,6.0,1014.25,39.458333333333336,4.416666666666667,0.0,74.83333333333333,6.0,1023.25,1.7916666666666667,6.25,0.0,91.5,4.125,1030.125,8,3000.0,24,55,12,61.28,1802.375,1227.0,24.54,Clear,Sunny,Partly cloudy,1,diesel,male,proactive,6,1,0
23.0,7.0,0.0,81.5,6.0,1021.25,-2.4166666666666665,2.8333333333333335,0.0,82.58333333333333,6.0,1037.4166666666667,12.5,12.166666666666666,0.0,57.375,6.0,1032.3333333333333,9,10000.0,23,50,8,60.8,1797.0,852.12,17.04,Cloudy,Sunny,Overcast,1,diesel,male,proactive,7,1,0
58.5,15.25,0.0,87.75,5.25,1010.5,22.208333333333332,16.875,0.0,89.95833333333333,2.0833333333333335,1019.125,52.833333333333336,16.416666666666668,0.008333333333333333,64.25,5.791666666666667,1017.5833333333334,10,10000.0,17,41,13,54.35,605.5833333333334,791.64,15.83,Light rain,Blowing snow,Sunny,1,gas,male,conservative,6,0,0
66.0,8.75,0.0,39.75,6.0,1015.5,15.791666666666666,8.291666666666666,0.0,83.16666666666667,5.875,1028.5833333333333,55.0,8.875,0.0,69.91666666666667,6.0,1016.0416666666666,8,3000.0,20,54,17,40.79,1782.0833333333333,761.13,15.22,Clear,Clear,Cloudy,0,diesel,male,conservative,9,0,0
42.5,13.0,0.0,64.75,4.75,1015.5,55.25,10.041666666666666,0.04583333333333334,84.95833333333333,4.791666666666667,1010.625,23.25,5.291666666666667,0.0,63.625,6.0,1024.7083333333333,14,6000.0,23,55,24,37.45,1731.75,2448.19,48.96,Clear,Heavy rain,Partly cloudy,1,diesel,male,conservative,6,1,0
72.25,7.75,0.0,80.0,4.75,1016.5,36.416666666666664,13.25,0.0,51.958333333333336,6.0,1037.9583333333333,20.666666666666668,6.041666666666667,0.0,40.666666666666664,6.0,1042.1666666666667,12,3000.0,25,48,14,59.18,1781.5416666666667,839.3,16.79,Sunny,Sunny,Sunny,1,diesel,male,proactive,4,1,0
43.5,10.25,0.0,80.25,6.0,1009.75,27.875,3.9166666666666665,0.0,88.20833333333333,5.583333333333333,1030.9583333333333,32.333333333333336,5.541666666666667,0.0,80.83333333333333,6.0,1032.0,10,3000.0,20,41,3,44.7,1769.7916666666667,433.01,8.66,Light rain shower,Light snow,Overcast,1,gas,male,conservative,3,0,0
43.0,5.25,0.0,60.0,6.0,1019.5,75.66666666666667,5.041666666666667,0.0,81.625,6.0,1013.75,57.875,9.75,0.0,19.625,6.0,1021.3333333333334,9,20000.0,27,45,22,46.28,1747.5,2288.87,45.78,Overcast,Clear,Sunny,0,diesel,male,conservative,9,1,1
58.75,7.0,0.0,71.0,6.0,1017.0,31.375,4.125,0.0,78.95833333333333,3.7916666666666665,1012.4583333333334,28.541666666666668,9.083333333333334,0.016666666666666666,71.20833333333333,4.75,1019.4583333333334,10,6000.0,17,52,18,61.0,1435.7916666666667,1674.51,33.49,Sunny,Patchy heavy snow,Cloudy,0,gas,female,proactive,4,1,1
52.25,7.75,0.0,80.0,6.0,1023.0,20.5,6.666666666666667,0.0,56.458333333333336,6.0,1022.625,-1.3333333333333333,9.583333333333334,0.0,70.95833333333333,1.9166666666666667,1026.0,10,3000.0,24,58,21,52.25,1728.9583333333333,534.55,10.69,Sunny,Partly cloudy,Heavy snow,1,diesel,male,conservative,9,0,0
47.0,7.25,0.0,56.5,6.0,1029.0,77.29166666666667,5.125,0.0,64.45833333333333,6.0,1013.6666666666666,-4.875,7.0,0.0,58.583333333333336,5.75,1032.0416666666667,12,3000.0,18,47,3,61.37,1810.0416666666667,1761.12,35.22,Sunny,Partly cloudy,Partly cloudy,1,gas,male,proactive,4,1,1
61.0,7.5,0.0,78.75,6.0,1012.75,35.541666666666664,13.583333333333334,0.012500000000000002,75.29166666666667,3.75,1015.4583333333334,58.0,9.833333333333334,0.0,71.875,6.0,1020.0833333333334,11,3000.0,21,54,18,39.12,1307.875,1319.56,26.39,Partly cloudy,Moderate snow,Overcast,1,gas,male,conservative,6,1,0
75.0,11.75,0.0,67.0,6.0,1012.75,32.916666666666664,5.375,0.03333333333333333,94.625,3.3333333333333335,1012.9166666666666,37.25,7.791666666666667,0.020833333333333332,93.375,4.5,1017.4583333333334,9,4000.0,15,49,10,57.66,1354.25,115.7,2.31,Cloudy,Moderate rain,Light rain,1,gas,male,proactive,4,0,0
40.75,11.0,0.0,61.0,3.0,1017.25,38.291666666666664,10.166666666666666,0.0,75.70833333333333,6.0,1021.2916666666666,36.791666666666664,8.166666666666666,0.0,52.166666666666664,5.833333333333333,1005.0,11,3000.0,17,41,4,37.58,1817.125,1379.59,27.59,Blizzard,Sunny,Sunny,0,gas,male,conservative,4,1,0
55.0,9.5,0.0,89.0,5.5,1013.25,20.958333333333332,8.375,0.0,77.08333333333333,6.0,1026.5833333333333,54.770833333333336,7.791666666666667,0.0020833333333333333,56.645833333333336,5.979166666666667,1017.5833333333334,11,15000.0,20,54,20,42.68,1721.4583333333333,858.38,17.17,Clear,Clear,Sunny,1,gas,male,conservative,7,1,1
78.5,16.5,0.0,51.75,6.0,1008.25,7.916666666666667,4.875,0.0,80.75,5.0,1029.5,31.666666666666668,10.125,0.0,83.45833333333333,5.5,1026.2083333333333,8,15000.0,24,40,3,61.95,1653.5,774.08,15.48,Clear,Clear,Light snow,0,diesel,male,Unknown,3,0,0
65.25,8.75,0.0,52.5,6.0,1014.25,47.458333333333336,5.25,0.0,70.58333333333333,6.0,1019.7083333333334,36.791666666666664,8.166666666666666,0.0,52.166666666666664,5.833333333333333,1005.0,5,15000.0,14,62,19,61.11,1817.7083333333333,1576.84,31.54,Partly cloudy,Partly cloudy,Sunny,1,gas,male,proactive,9,1,0
52.75,7.75,0.0,67.0,3.75,1007.25,35.958333333333336,5.541666666666667,0.0,72.33333333333333,6.0,1009.75,38.791666666666664,5.583333333333333,0.008333333333333333,68.58333333333333,5.958333333333333,1010.4166666666666,12,3000.0,15,49,5,37.11,1771.5,139.34,2.79,Heavy snow,Clear,Sunny,1,gas,male,conservative,2,0,0
63.0,5.5,0.0,74.0,5.75,1019.0,16.75,8.75,0.0,89.79166666666667,3.5,1020.25,13.166666666666666,7.75,0.0,81.91666666666667,5.375,1034.0,11,3000.0,23,44,11,51.4,964.125,664.67,13.29,Clear,Heavy snow,Partly cloudy,1,diesel,male,conservative,8,0,1
36.0,5.25,0.0,77.0,6.0,1017.0,27.958333333333332,6.0,0.0,92.375,3.75,1025.625,28.25,4.916666666666667,0.0,89.41666666666667,5.625,1030.1666666666667,9,20000.0,15,43,5,40.95,1138.6666666666667,416.87,8.34,Clear,Overcast,Light snow,1,gas,male,conservative,3,0,0
71.0,9.0,0.0,45.0,6.0,1012.25,26.208333333333332,7.708333333333333,0.0,42.0,6.0,1023.25,22.583333333333332,11.833333333333334,0.03333333333333333,94.04166666666667,1.625,1008.5416666666666,8,15000.0,18,45,14,38.98,1754.0833333333333,864.59,17.29,Sunny,Sunny,Heavy snow,1,gas,male,conservative,6,1,1
52.0,11.25,0.0,86.5,6.0,1009.75,52.791666666666664,3.2083333333333335,0.0,76.29166666666667,6.0,1017.9583333333334,38.125,7.458333333333333,0.004166666666666667,68.75,5.833333333333333,1010.4583333333334,8,10000.0,23,54,17,59.56,1796.75,1019.19,20.38,Overcast,Clear,Sunny,1,diesel,male,proactive,8,1,0
52.75,8.5,0.0,68.75,4.75,1021.0,32.666666666666664,9.5,0.0,51.958333333333336,6.0,1016.2083333333334,30.083333333333332,4.166666666666667,0.0,96.41666666666667,2.5833333333333335,1004.25,10,4000.0,23,48,8,59.25,1719.5833333333333,4658.06,93.16,Clear,Clear,Heavy snow,1,diesel,male,proactive,4,1,0
47.25,16.5,0.0,85.5,6.0,1003.5,25.916666666666668,2.75,0.0,66.625,6.0,1030.4166666666667,70.20833333333333,4.0,0.004166666666666667,88.83333333333333,5.833333333333333,1017.9166666666666,9,15000.0,19,50,8,52.02,1724.8333333333333,1717.82,34.36,Clear,Clear,Light rain shower,0,gas,male,conservative,3,1,1
51.5,10.0,0.0,95.0,6.0,1012.0,54.583333333333336,4.541666666666667,0.0,90.45833333333333,4.75,1024.0833333333333,31.166666666666668,4.666666666666667,0.0,95.91666666666667,1.625,1023.0,13,15000.0,24,41,4,61.24,1266.4583333333333,656.6,13.13,Overcast,Overcast,Mist,0,diesel,male,proactive,8,0,0
82.5,3.0,0.0,47.25,6.0,1020.75,39.291666666666664,4.833333333333333,0.0375,88.25,2.7083333333333335,1013.9166666666666,33.291666666666664,4.875,0.008333333333333333,83.625,5.083333333333333,1014.875,10,6000.0,18,38,5,42.78,723.875,109.14,2.18,Sunny,Light drizzle,Overcast,1,gas,male,conservative,3,0,0
61.5,5.75,0.0,95.0,3.5,1008.0,19.791666666666668,14.166666666666666,0.0,79.66666666666667,5.791666666666667,1028.6666666666667,34.208333333333336,14.125,0.012500000000000002,85.04166666666667,5.708333333333333,1018.0833333333334,10,6000.0,20,54,21,41.33,1703.7916666666667,368.04,7.36,Light rain shower,Sunny,Overcast,1,gas,male,conservative,7,0,0
65.0,5.25,0.0,80.75,6.0,1019.25,22.833333333333332,5.25,0.0,75.125,5.625,1029.8333333333333,26.375,4.5,0.0,43.458333333333336,6.0,1030.4583333333333,10,6000.0,13,46,5,48.11,1815.9583333333333,268.97,5.38,Clear,Light snow,Partly cloudy,1,gas,male,conservative,3,0,0
44.0,10.5,0.0,59.75,5.25,1009.25,38.666666666666664,6.5,0.0,60.416666666666664,6.0,1016.8333333333334,29.5,15.375,0.0,78.5,3.6666666666666665,1009.5416666666666,6,4000.0,24,44,3,59.86,1738.6666666666667,588.22,11.76,Clear,Overcast,Overcast,1,diesel,male,proactive,8,0,0
65.5,6.5,0.0,77.25,4.75,1010.5,35.958333333333336,3.7916666666666665,0.0,80.33333333333333,6.0,1020.75,49.791666666666664,8.25,0.0,93.0,6.0,1011.0416666666666,7,6000.0,25,55,25,61.93,1776.5,1052.25,21.04,Partly cloudy,Sunny,Cloudy,0,diesel,male,proactive,7,1,0
42.0,12.0,0.0,97.0,6.0,1013.75,7.916666666666667,4.875,0.0,80.75,5.0,1029.5,64.41666666666667,4.916666666666667,0.0,48.416666666666664,6.0,1011.5,8,10000.0,27,51,21,48.99,1670.1666666666667,2947.83,58.96,Overcast,Clear,Clear,1,diesel,male,conservative,8,1,0
54.0,5.25,0.0,57.5,6.0,1020.25,23.0,10.083333333333334,0.0,66.70833333333333,6.0,1030.0833333333333,31.083333333333332,8.75,0.0,80.66666666666667,5.25,1026.625,8,4000.0,24,42,6,37.74,1795.8333333333333,192.83,3.86,Clear,Cloudy,Overcast,1,diesel,male,conservative,4,0,0
69.75,9.25,0.0,89.0,6.0,1012.75,38.666666666666664,7.708333333333333,0.0,72.08333333333333,6.0,1013.375,59.541666666666664,5.395833333333333,0.016666666666666666,83.14583333333333,5.1875,1013.8333333333334,8,6000.0,21,54,18,42.25,1736.5833333333333,581.1,11.62,Clear,Sunny,Moderate rain,0,diesel,male,conservative,7,0,1
60.5,8.25,0.0,55.0,6.0,1009.75,19.791666666666668,16.791666666666668,0.012500000000000002,91.625,2.8333333333333335,1007.2083333333334,19.208333333333332,15.375,0.008333333333333333,90.125,3.0416666666666665,1008.6666666666666,8,4000.0,25,56,17,59.0,1014.5833333333334,76.48,1.53,Cloudy,Heavy snow,Blizzard,0,diesel,male,proactive,4,0,0
69.5,6.75,0.0,58.5,4.75,1018.0,19.208333333333332,4.0,0.0,75.08333333333333,6.0,1025.7083333333333,75.25,8.75,0.0,68.625,6.0,1016.4583333333334,7,6000.0,25,42,5,43.26,1784.0416666666667,2045.33,40.91,Patchy light drizzle,Overcast,Clear,1,diesel,male,conservative,7,1,1
82.0,9.0,0.0,43.75,6.0,1019.0,23.083333333333332,5.75,0.0,54.083333333333336,6.0,1026.0833333333333,29.0,7.0,0.0,73.79166666666667,5.458333333333333,1022.0833333333334,10,4000.0,21,41,10,62.65,1856.5416666666667,720.24,14.4,Sunny,Sunny,Light snow,1,diesel,male,proactive,7,0,0
57.5,12.0,0.0,81.0,6.0,1011.0,55.916666666666664,5.083333333333333,0.0,73.58333333333333,6.0,1022.875,29.75,4.708333333333333,0.0,44.375,6.0,1024.2916666666667,7,3000.0,26,46,6,65.28,1805.9583333333333,1590.79,31.82,Clear,Partly cloudy,Partly cloudy,1,diesel,male,Unknown,3,1,0
60.75,9.25,0.025,86.75,5.0,1009.5,59.770833333333336,3.7083333333333335,0.0,72.64583333333333,6.0,1017.4583333333334,44.833333333333336,9.791666666666666,0.0,98.375,4.125,1005.875,9,4000.0,19,44,19,61.94,1702.7916666666667,380.84,7.62,Light rain,Clear,Overcast,1,gas,male,proactive,7,0,0
28.5,2.5,0.0,87.25,4.0,1022.5,47.708333333333336,6.208333333333333,0.016666666666666666,94.20833333333333,3.9583333333333335,1013.2916666666666,39.916666666666664,4.583333333333333,0.012500000000000002,76.79166666666667,5.791666666666667,1021.6666666666666,13,6000.0,21,47,14,58.57,1300.0,641.57,12.83,Clear,Overcast,Overcast,1,diesel,male,proactive,6,0,0
55.5,5.5,0.05,68.25,5.0,1023.75,23.708333333333332,8.583333333333334,0.0,48.5,6.0,1033.4166666666667,38.291666666666664,13.208333333333334,0.0,67.20833333333333,5.333333333333333,1016.0,11,20000.0,22,47,3,51.84,1682.1666666666667,2512.99,50.26,Moderate or heavy rain shower,Sunny,Clear,1,diesel,male,conservative,8,1,0
63.0,9.0,0.0,83.5,6.0,1011.5,28.333333333333332,9.5,0.0,63.333333333333336,6.0,1017.1666666666666,28.166666666666668,7.541666666666667,0.0,60.166666666666664,4.791666666666667,1024.25,8,3000.0,26,49,1,57.87,1797.1666666666667,709.67,14.19,Clear,Clear,Sunny,1,diesel,male,proactive,3,0,0
54.75,13.25,0.0,53.5,4.75,1012.75,32.583333333333336,10.291666666666666,0.0,50.666666666666664,6.0,1017.0,73.04166666666667,3.1666666666666665,0.0,32.291666666666664,6.0,1021.125,9,3000.0,18,45,14,60.09,1855.5416666666667,2448.19,48.96,Light drizzle,Clear,Clear,0,gas,male,Unknown,5,1,0
60.5,14.0,0.0,56.75,6.0,1007.0,57.791666666666664,6.854166666666667,0.0,54.625,6.0,1012.0625,63.041666666666664,2.9166666666666665,0.0,65.58333333333333,6.0,1020.5416666666666,6,6000.0,17,43,8,60.05,1748.7083333333333,2184.7,43.69,Overcast,Sunny,Clear,1,gas,male,proactive,7,1,0
58.75,4.0,0.0,55.5,6.0,1012.25,28.541666666666668,10.125,0.0,82.25,4.458333333333333,1026.4583333333333,15.791666666666666,8.291666666666666,0.0,83.16666666666667,5.875,1028.5833333333333,7,3000.0,23,41,1,50.48,1522.4166666666667,214.41,4.29,Patchy rain possible,Moderate snow,Clear,1,diesel,male,conservative,3,0,0
65.75,7.75,0.0,55.25,6.0,1015.25,44.166666666666664,8.125,0.0,90.83333333333333,5.791666666666667,1018.9166666666666,57.541666666666664,5.75,0.0,85.58333333333333,2.5833333333333335,1024.4583333333333,9,6000.0,24,49,14,64.97,1603.4583333333333,446.12,8.92,Clear,Clear,Light drizzle,0,diesel,male,Unknown,8,0,0
60.75,8.0,0.0,74.5,5.0,1007.25,28.333333333333332,12.125,0.05416666666666667,92.91666666666667,2.625,1012.375,35.166666666666664,6.708333333333333,0.020833333333333332,70.20833333333333,5.625,1020.7083333333334,6,6000.0,17,43,4,59.04,437.5416666666667,474.14,9.48,Light rain,Heavy snow,Overcast,1,gas,male,proactive,2,0,0
86.0,6.25,0.025,64.75,5.0,1013.75,37.791666666666664,8.375,0.0,69.04166666666667,5.25,1010.4166666666666,39.083333333333336,6.333333333333333,0.0,69.125,6.0,1010.875,12,3000.0,25,52,21,60.99,1473.0416666666667,341.93,6.84,Light rain shower,Partly cloudy,Cloudy,0,diesel,male,proactive,4,0,0
38.0,9.5,0.0,89.75,4.25,1025.75,13.083333333333334,11.916666666666666,0.02916666666666667,94.125,1.4583333333333333,1007.8333333333334,28.458333333333332,6.583333333333333,0.0,46.791666666666664,6.0,1018.75,13,15000.0,18,46,4,57.31,342.9166666666667,638.89,12.78,Clear,Heavy snow,Clear,1,gas,male,conservative,3,0,1
71.0,5.5,0.0,84.75,6.0,1016.5,11.125,7.5,0.0,87.625,6.0,1028.2083333333333,23.5,5.791666666666667,0.0,44.75,6.0,1030.8333333333333,9,15000.0,17,60,16,39.7,1724.3333333333333,456.29,9.13,Clear,Sunny,Partly cloudy,0,gas,male,conservative,7,0,1
59.5,9.5,0.0,66.75,6.0,1020.5,18.916666666666668,10.375,0.004166666666666667,78.79166666666667,4.041666666666667,1024.3333333333333,34.208333333333336,14.125,0.012500000000000002,85.04166666666667,5.708333333333333,1018.0833333333334,7,15000.0,26,40,8,46.78,973.25,381.12,7.62,Clear,Heavy snow,Overcast,1,diesel,male,conservative,7,0,0
41.0,9.0,0.0,54.25,5.75,1011.75,39.0,10.708333333333334,0.05000000000000001,91.45833333333333,3.0416666666666665,1005.8333333333334,35.458333333333336,13.875,0.016666666666666666,88.79166666666667,2.9166666666666665,1007.4583333333334,10,6000.0,13,46,5,48.11,1130.25,167.91,3.36,Light snow,Moderate rain,Overcast,0,gas,male,conservative,3,0,1
52.75,10.5,0.0,82.5,6.0,1014.25,9.708333333333334,12.083333333333334,0.0,95.29166666666667,3.5,1021.8333333333334,34.208333333333336,14.125,0.012500000000000002,85.04166666666667,5.708333333333333,1018.0833333333334,10,3000.0,26,43,6,64.11,1322.4166666666667,563.66,11.27,Partly cloudy,Heavy snow,Overcast,0,diesel,male,proactive,8,0,0
71.75,9.0,0.0,78.75,6.0,1014.5,9.708333333333334,12.083333333333334,0.0,95.29166666666667,3.5,1021.8333333333334,23.458333333333332,11.583333333333334,0.004166666666666667,82.04166666666667,5.333333333333333,1022.875,10,6000.0,25,50,6,57.66,1339.0833333333333,554.39,11.09,Clear,Heavy snow,Overcast,1,diesel,male,proactive,3,0,0
76.25,7.0,0.0,28.75,6.0,1010.75,30.208333333333332,10.25,0.0,84.20833333333333,5.25,1026.4583333333333,14.625,6.333333333333333,0.0,83.91666666666667,5.25,1029.9166666666667,7,10000.0,22,44,7,62.2,1788.6666666666667,257.42,5.15,Clear,Overcast,Partly cloudy,0,diesel,male,proactive,8,0,0
75.5,5.25,0.0,68.75,6.0,1013.0,32.375,12.25,0.025000000000000005,91.25,4.75,1016.6666666666666,18.75,3.125,0.0,68.20833333333333,6.0,1035.9583333333333,12,6000.0,16,50,15,41.8,1522.0833333333333,640.97,12.82,Clear,Moderate rain,Sunny,1,gas,male,conservative,6,0,0
56.0,6.0,0.025,77.5,5.25,1015.0,36.916666666666664,7.166666666666667,0.0,78.41666666666667,5.208333333333333,1024.2916666666667,75.75,11.25,0.0,72.0,6.0,1015.5833333333334,9,20000.0,18,50,10,38.81,1664.4166666666667,1758.52,35.17,Moderate or heavy rain shower,Partly cloudy,Sunny,0,gas,male,conservative,3,1,0
32.5,8.0,0.0,77.25,6.0,1019.5,44.958333333333336,8.75,0.0,79.54166666666667,6.0,1010.7916666666666,75.75,11.25,0.0,72.0,6.0,1015.5833333333334,8,15000.0,19,52,17,47.26,1826.25,1664.76,33.3,Overcast,Overcast,Sunny,0,gas,male,conservative,8,1,0
59.0,9.0,0.0,51.0,3.75,1011.25,59.916666666666664,12.25,0.0,45.333333333333336,6.0,1018.9583333333334,25.166666666666668,12.5,0.0,70.08333333333333,6.0,1021.625,7,3000.0,26,46,6,65.28,1748.2916666666667,1351.18,27.02,Light drizzle,Clear,Sunny,1,diesel,male,Unknown,3,1,1
57.0,9.25,0.025,88.5,5.25,1013.0,-2.2083333333333335,7.125,0.0,90.125,5.625,1025.6666666666667,27.041666666666668,11.0,0.0,69.41666666666667,5.791666666666667,1013.5416666666666,10,4000.0,23,48,7,63.05,1819.5833333333333,595.88,11.92,Clear,Light snow,Clear,1,diesel,male,proactive,2,0,0
35.5,4.0,0.0,70.75,6.0,1017.75,56.833333333333336,5.875,0.0,93.20833333333333,3.2083333333333335,1017.5416666666666,40.083333333333336,9.958333333333334,0.0,93.41666666666667,6.0,1015.9583333333334,9,15000.0,24,50,17,60.09,1374.0416666666667,873.53,17.47,Clear,Cloudy,Partly cloudy,1,diesel,male,proactive,7,1,1
56.0,5.75,0.0,90.5,4.25,1022.0,47.833333333333336,9.041666666666666,0.04583333333333334,85.58333333333333,4.958333333333333,1005.0833333333334,37.416666666666664,10.0,0.012500000000000002,92.70833333333333,4.75,1003.8333333333334,10,4000.0,15,41,16,58.1,1764.5416666666667,155.49,3.11,Patchy light drizzle,Moderate rain,Light rain,0,gas,male,proactive,7,0,0
63.5,14.0,0.07500000000000001,78.0,4.75,1005.75,28.583333333333332,8.291666666666666,0.008333333333333333,62.041666666666664,5.25,1018.7083333333334,31.375,4.125,0.0,78.95833333333333,3.7916666666666665,1012.4583333333334,11,10000.0,14,51,23,63.35,1403.3333333333333,1638.63,32.77,Heavy rain,Overcast,Patchy heavy snow,1,gas,male,Unknown,9,1,1
79.0,6.25,0.0,74.75,6.0,1017.75,22.208333333333332,16.875,0.0,89.95833333333333,2.0833333333333335,1019.125,10.5,9.375,0.004166666666666667,83.625,4.333333333333333,1028.6666666666667,12,6000.0,27,49,16,49.47,613.9166666666666,242.23,4.84,Cloudy,Blowing snow,Heavy snow,1,diesel,male,conservative,4,0,0
53.5,6.75,0.0,80.0,6.0,1012.0,26.041666666666668,10.5,0.0,80.625,5.25,1027.4166666666667,55.0,8.875,0.0,69.91666666666667,6.0,1016.0416666666666,14,6000.0,22,50,12,40.08,1725.5833333333333,788.25,15.76,Clear,Light snow,Cloudy,1,diesel,male,conservative,8,0,0
54.25,3.75,0.0,79.5,4.0,1015.5,7.916666666666667,4.875,0.0,80.75,5.0,1029.5,58.0,9.833333333333334,0.0,71.875,6.0,1020.0833333333334,13,4000.0,14,46,15,61.52,1661.8333333333333,863.47,17.27,Mist,Clear,Overcast,1,gas,male,Unknown,4,1,0
72.0,4.25,0.0,52.75,6.0,1015.75,9.083333333333334,8.5,0.0,83.58333333333333,4.958333333333333,1029.375,28.083333333333332,5.208333333333333,0.03333333333333333,91.29166666666667,3.2916666666666665,1017.375,7,15000.0,17,46,12,44.43,1646.2083333333333,741.88,14.84,Partly cloudy,Sunny,Heavy snow,0,gas,male,conservative,6,0,0
72.0,9.5,0.0,58.5,3.75,1012.5,39.0,9.958333333333334,0.0,82.20833333333333,6.0,1022.9166666666666,31.666666666666668,10.125,0.0,83.45833333333333,5.5,1026.2083333333333,11,4000.0,25,44,16,39.32,1874.7083333333333,229.5,4.59,Light drizzle,Overcast,Light snow,0,diesel,male,conservative,4,0,1
29.5,4.0,0.0,77.5,2.0,1026.0,30.291666666666668,10.5,0.0,89.16666666666667,5.375,1015.0833333333334,47.708333333333336,6.208333333333333,0.016666666666666666,94.20833333333333,3.9583333333333335,1013.2916666666666,14,3000.0,17,46,8,47.17,1715.5416666666667,273.0,5.46,Heavy snow,Overcast,Overcast,1,gas,male,conservative,4,0,0
40.25,8.5,0.0,92.75,6.0,1012.5,26.041666666666668,10.5,0.0,80.625,5.25,1027.4166666666667,12.5,12.166666666666666,0.0,57.375,6.0,1032.3333333333333,8,3000.0,18,39,5,47.22,1717.25,235.89,4.72,Clear,Light snow,Overcast,0,gas,male,conservative,3,0,0
54.5,6.75,0.0,71.75,4.75,1006.25,39.916666666666664,4.583333333333333,0.012500000000000002,76.79166666666667,5.791666666666667,1021.6666666666666,75.375,9.958333333333334,0.0,56.458333333333336,6.0,1013.5416666666666,11,15000.0,26,47,4,42.68,1722.0,9867.19,197.34,Clear,Overcast,Clear,1,diesel,male,conservative,4,1,1
54.75,13.5,0.0,51.75,6.0,1015.5,-11.791666666666666,5.541666666666667,0.0,74.83333333333333,3.5416666666666665,1030.25,17.166666666666668,8.5,0.0,28.875,6.0,1029.125,13,6000.0,16,45,9,49.41,830.7916666666666,788.25,15.76,Partly cloudy,Heavy snow,Partly cloudy,1,gas,male,conservative,2,0,0
70.75,5.75,0.0,69.5,6.0,1012.25,25.458333333333332,13.208333333333334,0.0,60.375,4.0,1017.5416666666666,31.291666666666668,10.833333333333334,0.0,43.125,6.0,1017.2083333333334,8,4000.0,22,41,12,46.84,1587.625,135.26,2.71,Clear,Blizzard,Sunny,0,Unknown,female,conservative,8,0,0
72.5,2.25,0.0,35.5,6.0,1012.75,38.0,4.75,0.0,64.125,6.0,1027.0833333333333,11.125,7.5,0.0,87.625,6.0,1028.2083333333333,6,6000.0,17,51,14,58.7,1768.1666666666667,926.26,18.53,Clear,Clear,Sunny,0,gas,male,proactive,5,1,0
56.5,7.75,0.0,35.75,6.0,1021.75,-6.666666666666667,14.791666666666666,0.0,72.08333333333333,4.208333333333333,1015.125,74.5,8.041666666666666,0.0,10.25,6.0,1013.7083333333334,11,10000.0,17,52,24,45.23,1430.0,6158.1,123.16,Clear,Overcast,Sunny,1,gas,male,conservative,8,1,1
63.75,8.0,0.0,78.0,6.0,1013.75,57.791666666666664,6.854166666666667,0.0,54.625,6.0,1012.0625,46.875,6.166666666666667,0.008333333333333333,81.125,4.416666666666667,1009.4166666666666,11,4000.0,24,49,13,41.78,1740.375,2324.09,46.48,Light rain shower,Sunny,Patchy light drizzle,1,diesel,male,conservative,8,1,0
66.0,4.25,0.0,79.75,5.5,1014.25,34.208333333333336,3.125,0.0,94.79166666666667,2.25,1019.9583333333334,49.083333333333336,10.416666666666666,0.0,94.16666666666667,5.791666666666667,1003.8333333333334,7,3000.0,21,47,12,59.33,816.25,939.23,18.78,Partly cloudy,Fog,Cloudy,1,diesel,male,proactive,6,1,1
71.75,9.75,0.0,55.0,5.5,1006.0,33.5,12.333333333333334,0.0,52.458333333333336,5.333333333333333,1003.0,25.166666666666668,19.583333333333332,0.0,48.375,6.0,1027.8333333333333,12,10000.0,19,50,3,59.99,1643.7083333333333,1576.84,31.54,Overcast,Sunny,Clear,0,gas,female,proactive,4,1,1
79.5,8.5,0.025,71.5,5.25,1009.0,31.958333333333332,8.583333333333334,0.0,46.5,6.0,1034.875,41.666666666666664,9.583333333333334,0.0,62.25,6.0,1015.5833333333334,6,10000.0,17,54,26,54.72,1789.0833333333333,1155.04,23.1,Clear,Partly cloudy,Sunny,0,gas,male,conservative,9,1,0
38.0,7.25,0.0,81.75,6.0,1016.0,33.083333333333336,8.166666666666666,0.0,53.416666666666664,4.208333333333333,1014.0833333333334,30.291666666666668,10.5,0.0,89.16666666666667,5.375,1015.0833333333334,10,3000.0,20,51,16,53.06,1534.9583333333333,444.02,8.88,Partly cloudy,Partly cloudy,Overcast,1,Unknown,male,conservative,6,0,1
55.75,4.25,0.0,66.0,3.5,1011.25,25.416666666666668,4.0,0.0,77.875,5.333333333333333,1027.5,51.166666666666664,10.5,0.0,64.875,6.0,1027.3333333333333,10,10000.0,25,49,6,57.92,1741.0,863.47,17.27,Mist,Sunny,Clear,0,diesel,male,proactive,8,1,0
54.5,5.5,0.025,88.5,5.0,1017.75,19.041666666666668,3.7083333333333335,0.0,74.25,5.791666666666667,1018.0,25.708333333333332,10.333333333333334,0.0,84.5,4.916666666666667,1011.2916666666666,8,3000.0,16,46,15,57.23,1843.8333333333333,271.3,5.43,Moderate rain,Sunny,Overcast,1,gas,female,proactive,4,0,1
73.0,9.25,0.0,78.5,6.0,1011.0,47.958333333333336,5.458333333333333,0.0,77.54166666666667,6.0,1015.0,15.333333333333334,8.208333333333334,0.0,49.666666666666664,5.833333333333333,1020.9583333333334,8,3000.0,22,50,8,59.59,1734.125,1282.24,25.64,Light rain shower,Sunny,Clear,1,diesel,female,proactive,4,1,0
62.75,7.5,0.0,64.75,6.0,1010.5,30.083333333333332,4.166666666666667,0.0,96.41666666666667,2.5833333333333335,1004.25,32.75,9.458333333333334,0.0,51.375,6.0,1017.0,9,15000.0,17,45,2,61.28,625.0416666666666,4694.11,93.88,Clear,Heavy snow,Clear,1,gas,male,proactive,7,1,0
54.5,7.0,0.0,82.75,3.5,1019.0,36.041666666666664,8.958333333333334,0.0,81.79166666666667,6.0,1008.5,33.666666666666664,5.083333333333333,0.0,79.45833333333333,5.333333333333333,1012.9166666666666,8,15000.0,21,39,4,47.15,1794.6666666666667,427.86,8.56,Mist,Clear,Clear,0,gas,male,conservative,2,0,1
28.75,7.5,0.0,64.0,6.0,1027.25,9.5,13.375,0.0,46.791666666666664,6.0,1024.4166666666667,13.041666666666666,11.75,0.0,39.458333333333336,6.0,1024.9166666666667,7,3000.0,24,45,11,45.3,1812.875,33.84,0.68,Clear,Partly cloudy,Partly cloudy,1,diesel,male,conservative,6,0,0
30.0,5.0,0.0,74.0,6.0,1012.75,40.208333333333336,13.0,0.0,59.416666666666664,5.583333333333333,1002.9166666666666,71.95833333333333,3.875,0.004166666666666667,87.125,5.625,1018.6666666666666,9,6000.0,19,50,8,57.66,1863.0416666666667,1903.36,38.07,Clear,Partly cloudy,Light rain shower,1,gas,male,proactive,7,1,1
64.5,5.5,0.07500000000000001,84.75,2.75,1017.5,33.666666666666664,5.083333333333333,0.0,79.45833333333333,5.333333333333333,1012.9166666666666,39.083333333333336,6.333333333333333,0.0,69.125,6.0,1010.875,9,4000.0,19,51,12,57.94,1503.2083333333333,657.63,13.15,Torrential rain shower,Clear,Cloudy,1,gas,male,proactive,4,0,0
72.75,7.75,0.0,76.75,6.0,1013.25,45.041666666666664,2.4166666666666665,0.0,81.125,6.0,1021.2916666666666,44.375,11.25,0.0,97.0,6.0,1010.5833333333334,13,4000.0,24,49,22,35.58,1806.5,837.61,16.75,Cloudy,Clear,Overcast,1,diesel,male,conservative,9,1,0
69.5,3.75,0.025,76.0,5.0,1013.75,25.791666666666668,13.041666666666666,0.004166666666666667,84.04166666666667,2.9166666666666665,1011.5,16.958333333333332,6.916666666666667,0.0,80.58333333333333,6.0,1032.0416666666667,11,3000.0,24,37,3,49.3,730.7916666666666,1120.7,22.41,Cloudy,Blizzard,Sunny,1,diesel,male,conservative,8,1,0
35.25,6.0,0.0,74.75,6.0,1015.75,-2.2083333333333335,7.125,0.0,90.125,5.625,1025.6666666666667,1.625,7.541666666666667,0.0,90.375,4.291666666666667,1026.0,7,4000.0,19,55,14,55.7,1811.25,406.64,8.13,Sunny,Light snow,Clear,1,gas,male,proactive,6,0,0
71.5,10.0,0.0,64.5,6.0,1011.5,30.916666666666668,5.0,0.0,35.208333333333336,6.0,1029.9166666666667,43.375,12.958333333333334,0.0,84.375,3.7083333333333335,1009.375,10,6000.0,15,50,10,61.65,1793.125,674.53,13.49,Partly cloudy,Partly cloudy,Light drizzle,1,gas,male,proactive,3,0,0
52.5,5.0,0.0,88.0,5.0,1015.5,13.875,13.541666666666666,0.012500000000000002,89.5,3.5416666666666665,1023.875,27.041666666666668,7.291666666666667,0.0,69.70833333333333,5.166666666666667,1023.3333333333334,10,15000.0,26,50,17,45.29,1386.8333333333333,1014.75,20.3,Overcast,Blizzard,Overcast,1,diesel,male,conservative,6,1,1
75.0,6.5,0.0,20.25,6.0,1013.5,32.75,9.458333333333334,0.0,51.375,6.0,1017.0,-4.625,2.2916666666666665,0.0,83.875,6.0,1025.8333333333333,12,3000.0,25,47,9,35.86,1757.4583333333333,930.89,18.62,Clear,Clear,Cloudy,1,diesel,male,conservative,8,1,1
38.5,3.0,0.0,76.75,6.0,1024.0,26.208333333333332,7.708333333333333,0.0,42.0,6.0,1023.25,41.875,4.041666666666667,0.0,30.625,6.0,1020.2083333333334,10,3000.0,26,43,6,64.11,1745.75,770.99,15.42,Patchy rain possible,Sunny,Partly cloudy,1,diesel,male,proactive,8,0,0
45.75,6.75,0.0,76.0,5.0,1012.75,28.583333333333332,7.875,0.0,89.08333333333333,5.833333333333333,1024.0416666666667,72.125,4.333333333333333,0.012500000000000002,85.66666666666667,5.458333333333333,1019.375,7,6000.0,28,42,14,62.65,1728.0833333333333,1793.17,35.86,Moderate or heavy snow showers,Sunny,Moderate or heavy rain shower,1,diesel,male,proactive,4,1,0
52.5,7.25,0.0,67.0,4.5,1014.5,13.875,13.541666666666666,0.012500000000000002,89.5,3.5416666666666665,1023.875,29.416666666666668,6.791666666666667,0.0,88.75,4.458333333333333,1030.0833333333333,8,4000.0,21,50,10,45.85,1378.5,1050.84,21.02,Moderate snow,Blizzard,Heavy snow,1,gas,male,conservative,3,1,0
38.0,6.0,0.0,71.0,6.0,1019.5,35.333333333333336,10.625,0.0,79.83333333333333,6.0,1025.7916666666667,26.041666666666668,10.5,0.0,80.625,5.25,1027.4166666666667,8,3000.0,18,40,5,64.71,1797.7083333333333,211.56,4.23,Clear,Light snow,Light snow,1,gas,male,Unknown,3,0,0
57.5,3.25,0.0,73.5,4.5,1025.25,39.041666666666664,4.583333333333333,0.0,67.5,6.0,1011.2083333333334,38.125,7.458333333333333,0.004166666666666667,68.75,5.833333333333333,1010.4583333333334,10,20000.0,24,45,8,60.53,1819.75,428.56,8.57,Sunny,Clear,Sunny,1,diesel,male,proactive,7,0,0
32.0,10.5,0.0,82.0,6.0,1021.25,27.958333333333332,6.0,0.0,92.375,3.75,1025.625,32.333333333333336,5.541666666666667,0.0,80.83333333333333,6.0,1032.0,9,4000.0,23,48,17,56.82,1147.0,786.66,15.73,Clear,Overcast,Overcast,1,diesel,male,proactive,4,0,1
77.0,11.75,0.0,82.0,6.0,1012.25,24.333333333333332,16.875,0.0,89.5,2.2916666666666665,1015.5,30.125,13.75,0.020833333333333332,91.79166666666667,4.0,1017.5,8,15000.0,14,50,6,59.91,356.5,287.28,5.75,Partly cloudy,Heavy snow,Moderate rain,1,gas,male,proactive,7,0,0
62.0,3.0,0.0,82.0,6.0,1015.0,19.5,5.666666666666667,0.0,92.625,5.791666666666667,1030.4166666666667,49.375,6.291666666666667,0.0,41.166666666666664,6.0,1023.1666666666666,8,4000.0,24,42,6,37.74,1543.25,657.5,13.15,Clear,Partly cloudy,Clear,1,diesel,male,conservative,4,0,0
51.25,7.75,0.0,81.0,6.0,1016.0,55.354166666666664,5.3125,0.0,55.0,6.0,1025.6041666666667,21.041666666666668,7.333333333333333,0.0,44.041666666666664,6.0,1044.1666666666667,11,3000.0,21,43,6,60.19,1713.12,349.44,6.99,Clear,Partly cloudy,Clear,1,diesel,male,proactive,2,0,0
77.75,8.0,0.0,40.25,6.0,1012.25,13.666666666666666,12.583333333333334,0.0,59.208333333333336,6.0,1031.1666666666667,72.83333333333333,15.25,0.0,68.83333333333333,6.0,1018.3333333333334,9,3000.0,25,40,7,44.32,1750.4166666666667,1900.97,38.02,Sunny,Partly cloudy,Clear,0,diesel,male,conservative,3,1,0
65.0,8.5,0.0,85.75,6.0,1013.25,11.5,10.625,0.0,95.33333333333333,5.416666666666667,1009.9166666666666,49.083333333333336,10.416666666666666,0.0,94.16666666666667,5.791666666666667,1003.8333333333334,11,4000.0,28,50,9,63.54,1602.5,330.15,6.6,Cloudy,Ice pellets,Cloudy,1,diesel,male,Unknown,8,0,0
53.0,6.75,0.0,53.5,6.0,1017.25,35.375,13.166666666666666,0.0,53.333333333333336,6.0,1017.5416666666666,17.083333333333332,5.458333333333333,0.0,68.375,6.0,1031.4583333333333,6,15000.0,14,44,11,43.81,1764.6666666666667,892.17,17.84,Sunny,Sunny,Partly cloudy,1,gas,male,conservative,8,1,0
54.25,3.75,0.025,64.0,5.25,1025.75,35.458333333333336,13.875,0.016666666666666666,88.79166666666667,2.9166666666666665,1007.4583333333334,30.833333333333332,6.375,0.04583333333333334,94.70833333333333,2.2916666666666665,1014.4583333333334,6,3000.0,26,47,9,59.3,753.0833333333334,439.0,8.78,Clear,Overcast,Heavy snow,1,diesel,male,proactive,3,0,0
59.5,9.25,0.0,47.25,6.0,1009.5,24.875,8.166666666666666,0.0,45.166666666666664,6.0,1019.125,19.208333333333332,15.375,0.008333333333333333,90.125,3.0416666666666665,1008.6666666666666,10,6000.0,16,51,17,47.02,1749.3333333333333,985.52,19.71,Sunny,Overcast,Blizzard,1,gas,female,conservative,8,1,1
42.0,6.0,0.0,76.5,6.0,1012.0,27.208333333333332,13.875,0.012500000000000002,89.83333333333333,0.5,1009.0416666666666,28.708333333333332,9.0,0.025000000000000005,72.54166666666667,4.916666666666667,1026.25,10,3000.0,16,40,2,43.79,214.58333333333334,1018.36,20.37,Clear,Blizzard,Overcast,1,gas,male,conservative,2,1,0
49.25,9.0,0.0,58.0,6.0,1016.0,19.041666666666668,3.7083333333333335,0.0,74.25,5.791666666666667,1018.0,16.833333333333332,15.916666666666666,0.012500000000000002,89.91666666666667,2.4583333333333335,1010.0416666666666,7,3000.0,13,40,3,41.24,1843.8333333333333,710.27,14.21,Sunny,Sunny,Heavy snow,1,gas,male,conservative,7,0,0
39.0,13.0,0.0,85.0,3.5,1008.75,13.875,13.541666666666666,0.012500000000000002,89.5,3.5416666666666665,1023.875,23.333333333333332,18.875,0.0,66.29166666666667,4.625,1024.8333333333333,10,3000.0,13,47,17,60.75,1378.5,433.01,8.66,Blizzard,Blizzard,Clear,1,gas,male,proactive,8,0,1
91.0,4.0,0.0,50.0,6.0,1009.0,44.416666666666664,18.291666666666668,0.0,75.95833333333333,4.625,1011.1666666666666,41.791666666666664,5.583333333333333,0.0,34.625,6.0,1027.625,9,6000.0,24,49,14,64.97,1363.5,1155.04,23.1,Sunny,Overcast,Clear,0,diesel,male,Unknown,8,1,0
35.25,15.5,0.05,81.25,3.25,1013.5,31.125,10.625,0.0375,74.33333333333333,4.041666666666667,1022.75,32.291666666666664,11.0,0.041666666666666664,77.66666666666667,4.291666666666667,1021.5833333333334,9,6000.0,19,52,20,50.38,1225.4166666666667,33.84,0.68,Blizzard,Heavy snow,Ice pellets,1,gas,female,conservative,7,0,0
40.0,7.5,0.0,58.25,6.0,1013.75,25.916666666666668,13.958333333333334,0.025000000000000005,93.70833333333333,2.0,1014.3333333333334,28.625,15.083333333333334,0.020833333333333332,93.16666666666667,1.875,1011.4583333333334,13,3000.0,17,45,12,60.67,397.5416666666667,174.94,3.5,Clear,Blizzard,Blizzard,1,gas,male,proactive,8,0,0
53.5,6.75,0.0,70.5,6.0,1025.25,41.875,4.041666666666667,0.0,30.625,6.0,1020.2083333333334,38.958333333333336,12.666666666666666,0.0,56.708333333333336,6.0,1021.5,10,6000.0,25,43,12,59.66,1798.5833333333333,1177.33,23.55,Overcast,Partly cloudy,Sunny,1,diesel,male,proactive,6,1,1
71.5,7.25,0.0,51.5,6.0,1009.5,55.0,4.75,0.0,47.5,6.0,1026.3333333333333,18.958333333333332,2.5833333333333335,0.0,56.75,6.0,1031.3333333333333,7,3000.0,25,49,15,51.65,1807.75,1019.41,20.39,Overcast,Partly cloudy,Sunny,1,diesel,male,conservative,6,1,0
52.5,5.25,0.0,78.25,6.0,1022.0,18.875,12.75,0.0,80.41666666666667,2.7083333333333335,1015.75,40.75,6.041666666666667,0.0,64.375,6.0,1020.375,11,3000.0,26,37,7,59.53,982.375,439.82,8.8,Clear,Moderate snow,Clear,1,diesel,male,proactive,2,0,1
61.5,8.0,0.0,89.75,4.0,1013.25,21.291666666666668,5.041666666666667,0.0,72.41666666666667,6.0,1021.625,25.375,6.458333333333333,0.0,79.375,6.0,1022.9583333333334,9,4000.0,19,47,6,36.26,1763.9583333333333,6837.65,136.75,Mist,Sunny,Partly cloudy,1,diesel,male,conservative,4,1,1
42.75,10.5,0.0,34.25,6.0,1026.5,10.5,9.25,0.004166666666666667,74.375,4.333333333333333,1028.0416666666667,17.541666666666668,9.625,0.004166666666666667,86.54166666666667,3.7083333333333335,1021.7916666666666,13,3000.0,25,60,23,43.66,1694.0,229.76,4.6,Clear,Heavy snow,Heavy snow,1,diesel,male,conservative,9,0,1
62.5,9.75,0.0,66.0,6.0,1017.5,28.666666666666668,7.541666666666667,0.0,56.375,6.0,1038.4166666666667,22.458333333333332,5.875,0.0,48.166666666666664,6.0,1036.125,9,4000.0,17,53,11,62.33,1784.1666666666667,286.8,5.74,Clear,Sunny,Sunny,1,gas,male,proactive,6,0,0
52.0,8.5,0.0,94.5,4.0,1013.75,-3.0416666666666665,15.083333333333334,0.0,75.375,6.0,1022.5,35.875,1.625,0.0,93.625,5.291666666666667,1005.9166666666666,9,6000.0,21,52,21,45.41,1806.4166666666667,5315.1,106.3,Light drizzle,Overcast,Light rain,1,diesel,male,conservative,4,1,1
76.0,5.5,0.0,47.0,6.0,1016.75,29.291666666666668,7.208333333333333,0.0,90.45833333333333,4.416666666666667,1024.1666666666667,28.166666666666668,7.541666666666667,0.0,60.166666666666664,4.791666666666667,1024.25,8,10000.0,24,47,9,60.34,1700.5416666666667,186.02,3.72,Clear,Moderate or heavy snow showers,Sunny,1,diesel,male,proactive,8,0,0
65.75,3.75,0.025,93.75,3.75,1013.5,47.833333333333336,9.041666666666666,0.04583333333333334,85.58333333333333,4.958333333333333,1005.0833333333334,54.625,10.25,0.020833333333333332,75.875,5.416666666666667,1007.2916666666666,8,4000.0,25,42,8,29.32,1781.2083333333333,110.4,2.21,Moderate or heavy rain shower,Moderate rain,Clear,1,diesel,male,conservative,3,0,0
61.5,3.0,0.0,87.75,4.5,1013.0,29.666666666666668,12.916666666666666,0.03333333333333333,86.45833333333333,3.75,1013.0416666666666,30.5,10.875,0.0,80.29166666666667,3.25,1012.5416666666666,7,15000.0,17,46,12,44.43,1116.9166666666667,713.2,14.26,Clear,Blizzard,Blizzard,0,gas,male,conservative,6,0,0
65.75,5.0,0.0,70.25,6.0,1017.75,25.458333333333332,13.208333333333334,0.0,60.375,4.0,1017.5416666666666,22.833333333333332,5.25,0.0,75.125,5.625,1029.8333333333333,9,4000.0,15,49,10,57.66,1612.625,470.98,9.42,Clear,Blizzard,Light snow,1,gas,male,proactive,4,0,0
60.0,5.25,0.0,55.75,6.0,1016.0,34.375,9.25,0.0,74.75,6.0,1012.5416666666666,42.5,5.791666666666667,0.0,68.45833333333333,5.791666666666667,1014.1666666666666,11,10000.0,21,44,16,48.2,1696.125,158.59,3.17,Clear,Clear,Clear,1,Unknown,male,conservative,4,0,0
53.5,3.5,0.0,91.25,6.0,1015.25,22.083333333333332,7.125,0.0,67.70833333333333,5.75,1027.7083333333333,43.416666666666664,10.583333333333334,0.0,47.5,6.0,1025.1666666666667,10,3000.0,24,47,18,61.4,1828.9166666666667,817.86,16.36,Clear,Light snow,Partly cloudy,1,diesel,male,proactive,6,1,0
67.5,7.0,0.0,60.5,6.0,1018.75,13.041666666666666,11.75,0.0,39.458333333333336,6.0,1024.9166666666667,26.208333333333332,8.291666666666666,0.0,46.666666666666664,6.0,1028.2916666666667,11,3000.0,25,54,15,63.15,1891.9166666666667,286.8,5.74,Clear,Partly cloudy,Partly cloudy,1,diesel,male,proactive,5,0,1
54.0,13.25,0.05,91.25,4.5,1010.0,24.333333333333332,16.875,0.0,89.5,2.2916666666666665,1015.5,21.333333333333332,13.75,0.0,93.375,1.7916666666666667,1017.2083333333334,8,4000.0,23,46,7,59.36,348.1666666666667,667.09,13.34,Overcast,Heavy snow,Heavy snow,1,diesel,male,proactive,8,0,1
66.5,12.75,0.05,55.75,5.25,1009.5,56.833333333333336,5.875,0.0,93.20833333333333,3.2083333333333335,1017.5416666666666,45.041666666666664,2.4166666666666665,0.0,81.125,6.0,1021.2916666666666,9,6000.0,21,51,21,39.03,1382.375,761.25,15.22,Moderate rain,Cloudy,Clear,1,diesel,male,conservative,9,0,0
59.0,10.75,0.0,75.25,6.0,1014.75,23.458333333333332,11.583333333333334,0.004166666666666667,82.04166666666667,5.333333333333333,1022.875,18.5,9.0,0.0,81.125,6.0,1029.6666666666667,10,3000.0,24,57,10,45.88,1551.7916666666667,222.41,4.45,Clear,Overcast,Sunny,1,diesel,male,conservative,7,0,0
38.5,14.25,0.0,57.75,6.0,1018.75,-11.791666666666666,5.541666666666667,0.0,74.83333333333333,3.5416666666666665,1030.25,53.708333333333336,7.125,0.0,81.16666666666667,5.625,1021.375,10,3000.0,18,51,15,46.82,830.7916666666666,860.1,17.2,Overcast,Heavy snow,Overcast,1,gas,male,conservative,4,1,1
69.75,9.0,0.0,67.5,6.0,1016.25,44.416666666666664,18.291666666666668,0.0,75.95833333333333,4.625,1011.1666666666666,30.125,13.75,0.020833333333333332,91.79166666666667,4.0,1017.5,7,6000.0,26,47,13,60.76,1380.1666666666667,510.4,10.21,Patchy rain possible,Overcast,Moderate rain,1,diesel,male,proactive,8,0,0
65.5,10.75,0.05,68.25,5.25,1012.75,36.583333333333336,10.458333333333334,0.0,100.0,2.0833333333333335,1012.0,35.416666666666664,4.708333333333333,0.0,99.70833333333333,0.7083333333333334,1005.875,11,4000.0,17,55,25,63.96,629.0,314.05,6.28,Moderate or heavy rain shower,Light drizzle,Fog,1,gas,male,proactive,4,0,0
41.0,6.25,0.0,69.25,6.0,1017.25,48.875,5.875,0.008333333333333333,89.75,4.333333333333333,1014.2916666666666,30.5,7.916666666666667,0.0,90.375,5.375,1008.0,8,10000.0,15,50,14,59.89,1222.2916666666667,892.17,17.84,Clear,Light drizzle,Clear,1,gas,male,proactive,4,1,0
57.75,4.75,0.0,75.5,5.5,1017.0,36.708333333333336,13.416666666666666,0.03333333333333333,92.625,3.25,1005.2916666666666,42.958333333333336,12.208333333333334,0.0,53.791666666666664,6.0,1022.2083333333334,8,4000.0,22,44,1,45.86,1178.0833333333333,864.03,17.28,Clear,Moderate rain,Sunny,1,diesel,male,conservative,2,1,1
46.75,14.0,0.0,62.25,6.0,1015.0,26.208333333333332,7.708333333333333,0.0,42.0,6.0,1023.25,36.708333333333336,13.416666666666666,0.03333333333333333,92.625,3.25,1005.2916666666666,7,15000.0,22,37,3,61.74,1745.75,1158.38,23.17,Clear,Sunny,Moderate rain,1,diesel,male,proactive,2,1,1
67.5,5.5,0.0,81.5,4.75,1007.5,30.166666666666668,4.833333333333333,0.0,49.125,6.0,1018.9166666666666,81.33333333333333,9.458333333333334,0.0,19.125,6.0,1011.75,11,15000.0,19,49,6,61.76,1790.2916666666667,7507.1,150.14,Light rain shower,Partly cloudy,Clear,1,gas,female,proactive,7,1,0
57.0,8.25,0.0,88.75,6.0,1013.0,48.0,6.458333333333333,0.0,80.54166666666667,6.0,1018.25,44.25,8.0,0.0,65.04166666666667,5.458333333333333,1017.7916666666666,9,3000.0,21,54,15,50.93,1778.6666666666667,1539.6,30.79,Clear,Partly cloudy,Sunny,1,diesel,male,conservative,8,1,0
58.5,14.75,0.0,88.25,6.0,1019.75,34.541666666666664,7.875,0.008333333333333333,70.66666666666667,4.875,1021.2083333333334,25.0,17.5,0.012500000000000002,89.33333333333333,1.25,1017.7083333333334,6,10000.0,28,38,5,60.52,1318.25,887.59,17.75,Clear,Cloudy,Blizzard,0,diesel,male,proactive,4,1,1
53.75,13.25,0.0,76.75,6.0,1016.25,22.916666666666668,13.541666666666666,0.025000000000000005,91.91666666666667,0.7083333333333334,1006.75,13.625,18.458333333333332,0.008333333333333333,87.95833333333333,2.375,1013.25,7,15000.0,17,46,12,44.43,212.54166666666666,204.99,4.1,Sunny,Blizzard,Blizzard,1,gas,male,conservative,6,0,1
59.0,10.5,0.0,56.25,6.0,1013.75,28.666666666666668,7.541666666666667,0.0,56.375,6.0,1038.4166666666667,39.333333333333336,18.541666666666668,0.0,82.41666666666667,5.333333333333333,1011.2916666666666,9,3000.0,20,48,12,52.81,1775.8333333333333,1163.16,23.26,Clear,Sunny,Overcast,1,diesel,male,conservative,6,1,0
53.5,12.75,0.0,69.75,6.0,1012.0,49.333333333333336,9.5,0.03333333333333333,83.79166666666667,5.041666666666667,1005.7083333333334,22.791666666666668,8.291666666666666,0.0,33.333333333333336,6.0,1029.2083333333333,9,4000.0,22,57,21,49.47,1610.7916666666667,985.52,19.71,Clear,Moderate rain,Partly cloudy,0,diesel,male,conservative,9,1,1
50.25,10.75,0.05,88.75,5.0,1013.75,50.166666666666664,5.020833333333333,0.0,29.25,6.0,1025.9166666666667,24.166666666666668,13.041666666666666,0.0,91.54166666666667,4.708333333333333,1019.0416666666666,10,10000.0,25,48,14,45.35,1767.2916666666667,659.26,13.19,Clear,Sunny,Light rain,0,diesel,female,conservative,8,0,0
34.75,5.75,0.0,80.25,4.75,1009.5,13.041666666666666,11.75,0.0,39.458333333333336,6.0,1024.9166666666667,-10.416666666666666,5.666666666666667,0.0,76.20833333333333,3.7916666666666665,1030.2916666666667,6,15000.0,19,49,11,61.66,1891.9166666666667,882.21,17.64,Patchy heavy snow,Partly cloudy,Partly cloudy,1,gas,male,Unknown,6,1,1
59.5,6.5,0.0,80.25,6.0,1011.5,35.541666666666664,13.583333333333334,0.012500000000000002,75.29166666666667,3.75,1015.4583333333334,80.04166666666667,6.5,0.0,42.541666666666664,6.0,1011.7083333333334,9,20000.0,22,53,16,59.22,1307.875,9651.62,193.03,Clear,Moderate snow,Partly cloudy,1,gas,male,proactive,9,1,1
62.0,11.75,0.0,86.25,6.0,1007.25,6.5,9.083333333333334,0.0,44.125,6.0,1028.9583333333333,49.520833333333336,4.958333333333333,0.006250000000000001,48.395833333333336,5.916666666666667,1022.0833333333334,8,6000.0,21,54,18,42.25,1739.4166666666667,231.09,4.62,Overcast,Partly cloudy,Partly cloudy,1,diesel,male,conservative,7,0,0
62.75,8.5,0.0,74.0,6.0,1018.5,25.916666666666668,13.958333333333334,0.025000000000000005,93.70833333333333,2.0,1014.3333333333334,46.166666666666664,6.5,0.0,87.08333333333333,6.0,1017.375,5,4000.0,24,50,7,62.11,380.875,472.99,9.46,Sunny,Blizzard,Overcast,1,diesel,male,proactive,8,0,0
80.5,8.0,0.025,67.25,5.25,1013.0,32.5,4.0,0.0,93.79166666666667,3.4166666666666665,1023.8333333333334,24.541666666666668,6.75,0.0,91.625,4.333333333333333,1024.375,9,15000.0,19,52,26,39.16,958.1666666666666,268.65,5.37,Moderate or heavy rain shower,Overcast,Moderate snow,1,gas,male,conservative,9,0,1
49.0,3.75,0.0,68.25,6.0,1017.5,23.0,10.416666666666666,0.0,55.125,6.0,1031.0416666666667,35.541666666666664,13.583333333333334,0.012500000000000002,75.29166666666667,3.75,1015.4583333333334,10,15000.0,21,47,10,61.46,1832.5416666666667,1077.52,21.55,Clear,Partly cloudy,Moderate snow,1,diesel,male,proactive,8,1,0
67.5,9.5,0.0,60.5,6.0,1016.75,22.208333333333332,16.875,0.0,89.95833333333333,2.0833333333333335,1019.125,17.541666666666668,9.625,0.004166666666666667,86.54166666666667,3.7083333333333335,1021.7916666666666,10,10000.0,14,45,15,46.58,638.9166666666666,314.5,6.29,Partly cloudy,Blowing snow,Heavy snow,1,gas,male,conservative,5,0,0
58.0,4.0,0.0,69.75,5.75,1011.0,65.0,11.375,0.0,80.875,5.958333333333333,1014.2916666666666,42.166666666666664,12.458333333333334,0.0,75.58333333333333,5.375,1024.7916666666667,13,3000.0,16,41,10,50.52,1809.125,457.43,9.15,Clear,Partly cloudy,Overcast,1,gas,male,conservative,2,0,0
61.5,8.0,0.0,89.75,4.0,1013.25,25.375,6.458333333333333,0.0,79.375,6.0,1022.9583333333334,21.291666666666668,5.041666666666667,0.0,72.41666666666667,6.0,1021.625,9,4000.0,16,51,23,44.06,1783.75,6837.65,136.75,Mist,Partly cloudy,Sunny,1,gas,male,conservative,8,1,1
53.5,7.25,0.0,87.25,4.75,1012.75,43.416666666666664,10.583333333333334,0.0,47.5,6.0,1025.1666666666667,29.0,5.791666666666667,0.0,43.416666666666664,6.0,1030.3333333333333,9,6000.0,16,49,12,55.29,1692.375,450.7,9.01,Sunny,Partly cloudy,Clear,0,gas,male,proactive,6,0,0
70.25,8.0,0.0,62.75,6.0,1012.25,0.25,15.5,0.008333333333333333,90.66666666666667,4.958333333333333,1020.8333333333334,19.041666666666668,3.7083333333333335,0.0,74.25,5.791666666666667,1018.0,12,6000.0,27,49,16,49.47,1655.875,1000.1,20.0,Sunny,Light snow,Sunny,1,diesel,male,conservative,4,1,1
82.0,10.0,0.0,35.25,6.0,1011.5,18.916666666666668,10.375,0.004166666666666667,78.79166666666667,4.041666666666667,1024.3333333333333,22.791666666666668,6.375,0.0,48.5,6.0,1036.25,11,10000.0,24,45,11,58.21,981.5833333333334,618.34,12.37,Sunny,Heavy snow,Sunny,1,diesel,Unknown,proactive,4,0,0
48.75,7.75,0.0,69.75,3.5,1019.75,59.541666666666664,5.395833333333333,0.016666666666666666,83.14583333333333,5.1875,1013.8333333333334,30.5,7.916666666666667,0.0,90.375,5.375,1008.0,6,15000.0,21,48,11,57.9,1820.5833333333333,790.34,15.81,Clear,Moderate rain,Clear,1,diesel,male,proactive,4,0,0
54.0,9.0,0.0,81.0,3.5,1013.25,29.0,7.0,0.0,73.79166666666667,5.458333333333333,1022.0833333333334,27.125,10.5,0.0,82.375,6.0,1023.75,12,15000.0,21,47,7,39.22,1633.2083333333333,104.82,2.1,Mist,Light snow,Partly cloudy,0,gas,male,conservative,7,0,0
80.5,9.0,0.0,82.5,5.75,1010.25,27.791666666666668,5.541666666666667,0.0,91.79166666666667,3.375,1029.3333333333333,28.291666666666668,4.375,0.004166666666666667,92.0,3.3333333333333335,1028.75,11,20000.0,22,45,2,57.65,1091.625,21.39,0.43,Light rain shower,Moderate snow,Heavy snow,0,diesel,male,proactive,2,0,1
55.75,7.75,0.0,84.0,6.0,1017.25,59.541666666666664,5.395833333333333,0.016666666666666666,83.14583333333333,5.1875,1013.8333333333334,36.041666666666664,8.958333333333334,0.0,81.79166666666667,6.0,1008.5,8,3000.0,18,40,5,64.71,1815.92,575.68,11.51,Clear,Moderate rain,Clear,0,gas,male,Unknown,3,0,1
56.0,6.0,0.0,82.25,6.0,1018.0,13.083333333333334,11.916666666666666,0.02916666666666667,94.125,1.4583333333333333,1007.8333333333334,26.375,3.4583333333333335,0.0,67.08333333333333,5.958333333333333,1016.5416666666666,12,4000.0,27,46,14,40.5,351.25,419.75,8.4,Clear,Heavy snow,Sunny,1,diesel,male,conservative,6,0,0
68.5,7.75,0.0,35.25,6.0,1011.25,34.208333333333336,3.125,0.0,94.79166666666667,2.25,1019.9583333333334,56.833333333333336,5.875,0.0,93.20833333333333,3.2083333333333335,1017.5416666666666,8,4000.0,17,45,11,63.3,832.9166666666666,779.81,15.6,Clear,Fog,Cloudy,1,gas,male,proactive,5,0,0
36.0,8.0,0.0,84.25,3.5,1015.0,0.20833333333333334,6.583333333333333,0.0,90.83333333333333,3.9166666666666665,1025.9166666666667,18.875,12.75,0.0,80.41666666666667,2.7083333333333335,1015.75,12,10000.0,23,45,9,62.16,898.1666666666666,688.91,13.78,Clear,Heavy snow,Moderate snow,1,diesel,male,proactive,7,0,0
49.25,6.0,0.0,51.75,6.0,1022.0,37.083333333333336,1.3333333333333333,0.0,54.833333333333336,6.0,1029.0416666666667,23.0,10.083333333333334,0.0,66.70833333333333,6.0,1030.0833333333333,13,3000.0,27,43,16,61.17,1766.0416666666667,1489.75,29.8,Clear,Sunny,Cloudy,1,diesel,male,proactive,8,1,0
70.5,6.75,0.025,62.5,6.0,1011.25,24.0,8.541666666666666,0.012500000000000002,92.75,2.8333333333333335,1010.5416666666666,31.333333333333332,11.583333333333334,0.025000000000000005,92.16666666666667,2.0833333333333335,1004.5833333333334,12,15000.0,14,54,12,58.14,1036.1666666666667,295.81,5.92,Light rain,Overcast,Blizzard,0,gas,male,proactive,4,0,0
48.25,5.25,0.0,87.0,3.5,1022.5,55.208333333333336,8.25,0.0,49.708333333333336,6.0,1026.25,21.708333333333332,4.25,0.0,45.625,6.0,1030.8333333333333,11,10000.0,24,45,11,58.21,1748.3333333333333,867.28,17.35,Mist,Partly cloudy,Partly cloudy,1,diesel,Unknown,proactive,4,1,0
75.0,5.5,0.0,63.75,6.0,1014.0,6.916666666666667,11.166666666666666,0.025000000000000005,91.70833333333333,1.75,1012.1666666666666,26.375,3.4583333333333335,0.0,67.08333333333333,5.958333333333333,1016.5416666666666,8,4000.0,19,50,12,59.6,393.875,704.98,14.1,Light rain shower,Heavy snow,Sunny,1,gas,male,proactive,5,0,0
77.5,4.75,0.0,61.25,6.0,1014.75,30.458333333333332,5.958333333333333,0.0,94.70833333333333,2.625,1026.875,29.0,4.5,0.0,93.95833333333333,2.3333333333333335,1028.375,4,4000.0,17,58,20,61.25,575.0,60.43,1.21,Sunny,Heavy snow,Heavy snow,1,gas,male,proactive,9,0,1
85.5,14.75,0.0,71.75,6.0,1012.0,32.833333333333336,5.75,0.0,93.5,4.708333333333333,1024.0416666666667,23.083333333333332,5.75,0.0,54.083333333333336,6.0,1026.0833333333333,12,3000.0,23,36,4,59.21,1745.8333333333333,253.99,5.08,Clear,Moderate or heavy snow showers,Sunny,1,diesel,male,proactive,8,0,0
76.0,7.0,0.0,69.75,6.0,1009.0,49.791666666666664,8.25,0.0,93.0,6.0,1011.0416666666666,42.833333333333336,3.1666666666666665,0.0,87.95833333333333,6.0,1020.125,14,3000.0,16,47,12,60.66,1765.9166666666667,640.97,12.82,Clear,Cloudy,Clear,1,gas,male,proactive,8,0,0
49.0,10.5,0.0,93.5,5.5,1011.5,55.583333333333336,8.6875,0.0,71.35416666666667,5.6875,1018.4166666666666,34.791666666666664,8.208333333333334,0.0,57.166666666666664,6.0,1020.0833333333334,10,4000.0,17,49,15,59.01,1724.1666666666667,429.1,8.58,Clear,Sunny,Clear,0,gas,male,proactive,5,0,1
68.5,9.0,0.0,72.0,6.0,1010.25,45.25,14.791666666666666,0.0,67.91666666666667,4.125,1031.2916666666667,17.541666666666668,6.875,0.0,48.375,6.0,1042.875,7,3000.0,22,43,10,57.78,1098.4583333333333,795.73,15.91,Light rain shower,Overcast,Sunny,1,diesel,male,proactive,4,0,0
46.5,13.75,0.0,73.75,5.25,1011.5,67.16666666666667,6.416666666666667,0.03333333333333333,85.91666666666667,3.6666666666666665,1021.4583333333334,44.895833333333336,7.354166666666667,0.0,35.958333333333336,6.0,1024.9791666666667,12,10000.0,26,50,15,64.82,1252.1666666666667,1493.09,29.86,Cloudy,Moderate rain,Clear,1,diesel,male,Unknown,5,1,0
43.5,3.5,0.0,70.0,3.5,1013.5,28.25,4.916666666666667,0.0,89.41666666666667,5.625,1030.1666666666667,28.708333333333332,6.5,0.0,42.666666666666664,6.0,1029.3333333333333,7,6000.0,25,55,25,61.93,1822.3333333333333,882.21,17.64,Freezing fog,Light snow,Patchy light snow,0,diesel,male,proactive,7,1,0
72.0,8.75,0.0,49.5,5.5,1009.25,32.5,4.0,0.0,93.79166666666667,3.4166666666666665,1023.8333333333334,33.375,6.666666666666667,0.0,65.95833333333333,5.833333333333333,1015.625,6,15000.0,21,48,11,57.9,941.5,740.01,14.8,Sunny,Overcast,Partly cloudy,0,diesel,male,proactive,4,0,0
29.0,7.0,0.0,84.75,3.0,1019.0,75.70833333333333,6.583333333333333,0.0,70.16666666666667,6.0,1010.9166666666666,17.375,12.041666666666666,0.0,72.54166666666667,6.0,1030.0416666666667,12,4000.0,19,42,18,51.87,1819.5833333333333,1791.75,35.84,Freezing fog,Clear,Overcast,1,gas,male,conservative,4,1,0
49.0,6.0,0.0,74.5,6.0,1020.0,20.375,5.833333333333333,0.0,87.79166666666667,3.1666666666666665,1020.4166666666666,76.41666666666667,8.041666666666666,0.0,69.08333333333333,6.0,1013.5,8,10000.0,26,47,4,40.72,1046.8333333333333,1758.52,35.17,Clear,Moderate snow,Clear,0,diesel,male,conservative,7,1,1
56.0,10.0,0.0,74.5,5.75,1013.0,19.75,9.333333333333334,0.0,42.291666666666664,6.0,1040.5416666666667,22.916666666666668,5.75,0.0,37.166666666666664,6.0,1041.8333333333333,11,4000.0,19,42,9,43.5,1826.4166666666667,678.83,13.58,Sunny,Clear,Clear,1,gas,male,conservative,7,0,0
51.75,4.0,0.0,61.25,6.0,1022.5,32.583333333333336,10.291666666666666,0.0,50.666666666666664,6.0,1017.0,18.875,12.75,0.0,80.41666666666667,2.7083333333333335,1015.75,11,3000.0,18,46,13,64.48,1863.875,267.04,5.34,Clear,Clear,Moderate snow,1,diesel,male,proactive,6,0,0
59.0,9.75,0.0,93.0,3.5,1010.75,29.75,4.708333333333333,0.0,44.375,6.0,1024.2916666666667,-1.5,7.25,0.0,93.16666666666667,3.5,1022.5416666666666,10,3000.0,22,51,24,40.91,1854.5,1300.45,26.01,Light drizzle,Partly cloudy,Heavy snow,1,gas,male,conservative,4,1,1
46.5,9.5,0.0,71.0,6.0,1022.5,29.791666666666668,9.291666666666666,0.0,63.416666666666664,5.291666666666667,1021.25,11.083333333333334,9.583333333333334,0.0,70.125,6.0,1023.7916666666666,9,3000.0,23,50,4,48.14,1589.8333333333333,257.16,5.14,Sunny,Partly cloudy,Cloudy,1,diesel,male,conservative,3,0,1
47.25,7.0,0.0,70.25,6.0,1015.0,76.79166666666667,4.958333333333333,0.0,72.20833333333333,6.0,1012.8333333333334,23.875,6.458333333333333,0.0,62.916666666666664,6.0,1024.875,10,3000.0,16,39,6,63.96,1847.9583333333333,2046.16,40.92,Partly cloudy,Partly cloudy,Partly cloudy,0,gas,male,proactive,7,1,0
56.5,10.75,0.0,70.0,6.0,1012.25,52.583333333333336,13.541666666666666,0.020833333333333332,78.625,4.583333333333333,1019.375,23.041666666666668,6.166666666666667,0.0,33.625,6.0,1027.5,12,15000.0,22,53,22,48.77,1515.25,2512.99,50.26,Overcast,Clear,Overcast,1,diesel,male,conservative,7,1,0
43.0,5.25,0.0,69.0,6.0,1016.25,28.291666666666668,10.958333333333334,0.0,83.625,4.125,1010.125,-3.5416666666666665,5.0,0.0,84.5,6.0,1037.375,6,4000.0,23,44,11,62.89,1425.8333333333333,1452.11,29.04,Clear,Heavy snow,Sunny,1,diesel,male,proactive,4,1,0
63.5,7.75,0.025,60.5,5.25,1009.5,39.875,11.208333333333334,0.0,95.54166666666667,6.0,1016.625,56.833333333333336,5.875,0.0,93.20833333333333,3.2083333333333335,1017.5416666666666,10,15000.0,23,51,10,57.85,1742.9166666666667,557.55,11.15,Clear,Partly cloudy,Cloudy,1,diesel,male,proactive,4,0,1
76.25,13.5,0.0,52.0,6.0,1009.5,32.75,9.458333333333334,0.0,51.375,6.0,1017.0,-4.791666666666667,4.791666666666667,0.0,84.66666666666667,6.0,1025.7916666666667,10,6000.0,18,38,5,42.78,1749.125,910.01,18.2,Sunny,Clear,Clear,1,gas,male,conservative,3,1,1
67.75,7.0,0.0,77.75,6.0,1013.5,36.583333333333336,10.458333333333334,0.0,100.0,2.0833333333333335,1012.0,33.291666666666664,6.666666666666667,0.0,86.04166666666667,5.166666666666667,1020.0416666666666,11,3000.0,25,54,15,63.15,620.6666666666666,709.67,14.19,Clear,Light drizzle,Partly cloudy,0,diesel,male,proactive,5,0,1
38.0,12.25,0.0,54.25,6.0,1020.25,49.208333333333336,10.125,0.029166666666666664,69.29166666666667,5.083333333333333,1012.5416666666666,40.5,10.25,0.0,78.41666666666667,6.0,1021.3333333333334,10,4000.0,16,49,19,46.85,1737.25,477.91,9.56,Clear,Sunny,Overcast,1,gas,male,conservative,4,0,1
43.0,2.0,0.0,86.5,6.0,1021.75,49.333333333333336,9.5,0.03333333333333333,83.79166666666667,5.041666666666667,1005.7083333333334,27.458333333333332,9.166666666666666,0.0,58.875,5.75,1024.625,9,4000.0,23,48,17,56.82,1627.4583333333333,661.29,13.23,Clear,Moderate rain,Cloudy,1,diesel,male,proactive,4,0,0
71.75,9.75,0.025,88.0,5.0,1013.75,36.708333333333336,13.416666666666666,0.03333333333333333,92.625,3.25,1005.2916666666666,29.916666666666668,13.0,0.008333333333333333,82.08333333333333,1.0416666666666667,1010.625,9,6000.0,18,52,22,58.99,1153.0833333333333,385.22,7.7,Light rain shower,Moderate rain,Blizzard,0,gas,male,proactive,7,0,0
49.25,7.75,0.0,42.75,6.0,1019.5,-3.25,14.458333333333334,0.0,66.04166666666667,4.583333333333333,1022.3333333333334,-3.125,8.5,0.0,47.875,5.25,1032.2916666666667,9,15000.0,27,48,5,59.83,1627.7083333333333,470.26,9.41,Clear,Partly cloudy,Partly cloudy,0,diesel,Unknown,proactive,3,0,0
68.0,13.0,0.0,58.0,6.0,1014.0,-4.625,2.2916666666666665,0.0,83.875,6.0,1025.8333333333333,54.041666666666664,6.5,0.0,55.541666666666664,6.0,1026.375,12,20000.0,24,50,9,61.66,1800.0416666666667,1028.76,20.58,Cloudy,Cloudy,Clear,0,diesel,male,proactive,4,1,1
63.0,5.75,0.05,82.0,5.25,1016.25,23.0,10.416666666666666,0.0,55.125,6.0,1031.0416666666667,38.333333333333336,11.666666666666666,0.0,81.04166666666667,4.833333333333333,1021.5,12,10000.0,16,45,13,59.23,1807.5416666666667,745.32,14.91,Moderate rain,Partly cloudy,Overcast,0,gas,male,proactive,6,0,0
62.0,5.75,0.0,88.0,5.75,1008.25,46.875,6.166666666666667,0.008333333333333333,81.125,4.416666666666667,1009.4166666666666,30.833333333333332,11.333333333333334,0.004166666666666667,67.875,4.041666666666667,1009.4583333333334,13,4000.0,13,47,7,58.46,1824.25,2254.34,45.09,Light rain,Patchy light drizzle,Partly cloudy,0,gas,male,proactive,2,1,0
58.25,7.0,0.0,68.25,5.0,1011.75,44.333333333333336,3.5,0.0,77.33333333333333,6.0,1025.9583333333333,34.291666666666664,5.791666666666667,0.0,93.66666666666667,2.6666666666666665,1023.8333333333334,10,3000.0,18,51,15,46.82,1755.0,373.8,7.48,Patchy light rain with thunder,Sunny,Mist,0,gas,male,conservative,4,0,0
50.75,9.25,0.0,49.75,6.0,1021.5,31.208333333333332,13.583333333333334,0.0,53.166666666666664,5.333333333333333,1006.2083333333334,33.5,2.6666666666666665,0.008333333333333333,80.0,5.375,1014.625,9,3000.0,22,43,4,61.57,1554.875,740.01,14.8,Clear,Clear,Light rain shower,1,diesel,male,proactive,2,0,0
56.0,12.5,0.0,87.0,6.0,1014.75,36.041666666666664,8.333333333333334,0.0,24.5,6.0,1023.4166666666666,40.5,10.25,0.0,78.41666666666667,6.0,1021.3333333333334,11,6000.0,23,43,6,47.64,1768.875,1933.12,38.66,Clear,Sunny,Overcast,1,diesel,male,conservative,2,1,0
37.5,8.5,0.0,94.5,1.5,1018.5,23.0,10.083333333333334,0.0,66.70833333333333,6.0,1030.0833333333333,80.04166666666667,6.5,0.0,42.541666666666664,6.0,1011.7083333333334,12,15000.0,13,47,11,56.6,1787.5,8772.46,175.45,Heavy snow,Cloudy,Partly cloudy,0,gas,male,proactive,6,1,1
64.25,5.75,0.0,42.5,6.0,1011.25,40.416666666666664,6.583333333333333,0.0,53.75,6.0,1035.125,19.75,9.333333333333334,0.0,42.291666666666664,6.0,1040.5416666666667,8,15000.0,16,44,12,60.83,1843.75,779.81,15.6,Clear,Partly cloudy,Clear,0,gas,male,proactive,5,0,1
67.0,5.75,0.0,53.25,6.0,1016.25,56.833333333333336,5.875,0.0,93.20833333333333,3.2083333333333335,1017.5416666666666,44.375,11.25,0.0,97.0,6.0,1010.5833333333334,11,6000.0,18,48,23,63.37,1374.0416666666667,493.14,9.86,Clear,Cloudy,Overcast,1,Unknown,male,proactive,4,0,0
53.25,10.5,0.0,84.5,6.0,1015.75,38.166666666666664,6.416666666666667,0.02916666666666667,83.08333333333333,4.458333333333333,1017.5416666666666,17.75,14.625,0.0,44.0,6.0,1020.9166666666666,12,10000.0,22,47,14,58.78,1737.9583333333333,1386.89,27.74,Cloudy,Moderate rain,Clear,1,diesel,male,proactive,6,1,1
68.5,9.75,0.0,67.5,5.5,1015.0,9.041666666666666,7.875,0.0,87.625,4.625,1026.0,30.541666666666668,8.708333333333334,0.0,51.458333333333336,6.0,1028.6666666666667,11,10000.0,17,53,19,40.02,1246.2916666666667,501.17,10.02,Clear,Clear,Clear,1,gas,male,conservative,9,0,1
61.0,7.0,0.0,53.25,6.0,1014.5,13.666666666666666,12.583333333333334,0.0,59.208333333333336,6.0,1031.1666666666667,66.58333333333333,3.4166666666666665,0.0,63.666666666666664,6.0,1014.7083333333334,13,4000.0,20,51,17,41.51,1758.75,2787.59,55.75,Clear,Partly cloudy,Sunny,1,gas,male,conservative,8,1,0
69.0,3.0,0.0,67.25,6.0,1014.5,25.791666666666668,7.958333333333333,0.0,36.75,6.0,1038.2083333333333,33.958333333333336,11.083333333333334,0.004166666666666667,89.41666666666667,3.875,1012.2083333333334,9,6000.0,19,43,10,62.0,1848.8333333333333,945.4,18.91,Clear,Clear,Overcast,0,gas,male,proactive,8,1,0
51.0,9.5,0.0,83.25,5.5,1013.5,31.375,7.458333333333333,0.0,86.58333333333333,4.625,1015.0416666666666,28.25,10.375,0.0,83.75,5.125,1015.875,8,15000.0,13,53,26,61.97,1561.9166666666667,93.45,1.87,Clear,Light rain shower,Overcast,1,gas,male,proactive,6,0,0
78.0,13.0,0.0,42.75,6.0,1010.75,30.458333333333332,5.958333333333333,0.0,94.70833333333333,2.625,1026.875,27.375,1.6666666666666667,0.0,78.125,6.0,1031.9166666666667,11,3000.0,18,46,13,64.48,566.6666666666666,377.15,7.54,Overcast,Heavy snow,Partly cloudy,1,diesel,male,proactive,6,0,0
54.5,12.75,0.0,75.0,6.0,1024.25,30.166666666666668,4.833333333333333,0.0,49.125,6.0,1018.9166666666666,68.5,9.125,0.0,11.583333333333334,6.0,1016.0416666666666,9,6000.0,16,51,9,46.39,1798.625,5275.52,105.51,Overcast,Partly cloudy,Clear,1,gas,male,conservative,8,1,0
46.25,4.25,0.0,67.5,4.5,1017.75,15.791666666666666,8.291666666666666,0.0,83.16666666666667,5.875,1028.5833333333333,80.04166666666667,6.5,0.0,42.541666666666664,6.0,1011.7083333333334,10,10000.0,18,37,5,48.9,1807.0833333333333,9072.62,181.45,Clear,Clear,Partly cloudy,1,gas,male,conservative,2,1,1
63.5,11.25,0.0,72.75,4.0,1012.75,30.5,16.375,0.02916666666666667,84.70833333333333,1.5416666666666667,1013.4166666666666,10.416666666666666,15.458333333333334,0.0,81.20833333333333,4.916666666666667,1028.7083333333333,10,6000.0,16,46,9,59.54,350.7083333333333,319.51,6.39,Light drizzle,Blizzard,Sunny,1,Unknown,male,proactive,2,0,1
54.5,10.5,0.0,46.0,6.0,1027.0,38.958333333333336,12.666666666666666,0.0,56.708333333333336,6.0,1021.5,31.333333333333332,11.583333333333334,0.025000000000000005,92.16666666666667,2.0833333333333335,1004.5833333333334,13,15000.0,24,41,4,61.24,1760.3333333333333,629.9,12.6,Partly cloudy,Sunny,Blizzard,1,diesel,male,proactive,8,0,0
90.0,11.75,0.0,48.25,6.0,1012.25,44.208333333333336,5.833333333333333,0.004166666666666667,78.375,5.208333333333333,1013.9583333333334,37.791666666666664,8.375,0.0,69.04166666666667,5.25,1010.4166666666666,12,3000.0,28,51,11,62.62,1592.2916666666667,385.81,7.72,Sunny,Partly cloudy,Partly cloudy,1,diesel,male,proactive,4,0,0
53.75,4.75,0.0,72.25,6.0,1014.0,30.833333333333332,11.333333333333334,0.004166666666666667,67.875,4.041666666666667,1009.4583333333334,72.83333333333333,15.25,0.0,68.83333333333333,6.0,1018.3333333333334,11,15000.0,24,56,12,52.59,1048.2083333333333,1920.96,38.42,Patchy rain possible,Partly cloudy,Clear,0,diesel,male,conservative,4,1,1
56.0,8.0,0.0,84.5,6.0,1016.0,17.583333333333332,3.875,0.0,76.66666666666667,6.0,1023.2083333333334,55.208333333333336,4.625,0.0,86.79166666666667,5.916666666666667,1013.625,5,15000.0,19,53,23,38.35,1682.6666666666667,740.08,14.8,Clear,Partly cloudy,Partly cloudy,0,gas,male,conservative,8,0,0
34.5,3.75,0.0,81.0,6.0,1011.5,17.583333333333332,3.875,0.0,76.66666666666667,6.0,1023.2083333333334,-3.125,8.5,0.0,47.875,5.25,1032.2916666666667,9,3000.0,24,47,7,52.75,1699.3333333333333,1358.36,27.17,Clear,Partly cloudy,Partly cloudy,1,diesel,male,conservative,8,1,1
68.5,5.0,0.0,71.75,3.5,1012.5,9.083333333333334,8.5,0.0,83.58333333333333,4.958333333333333,1029.375,28.041666666666668,20.041666666666668,0.008333333333333333,58.416666666666664,5.25,1023.875,9,4000.0,23,48,17,56.82,1654.5416666666667,668.95,13.38,Mist,Sunny,Sunny,1,diesel,male,proactive,4,0,0
63.25,6.5,0.0,65.25,6.0,1012.75,19.791666666666668,16.791666666666668,0.012500000000000002,91.625,2.8333333333333335,1007.2083333333334,12.458333333333334,8.333333333333334,0.0,85.75,5.166666666666667,1017.6666666666666,15,4000.0,19,44,9,52.16,1022.9166666666666,584.86,11.7,Sunny,Heavy snow,Light snow,1,gas,male,conservative,3,0,0
48.5,11.25,0.0,78.0,3.5,1008.75,17.625,14.625,0.004166666666666667,90.45833333333333,2.75,1021.7083333333334,-9.625,5.291666666666667,0.0,84.875,5.958333333333333,1036.25,8,15000.0,25,43,20,60.1,1070.75,403.56,8.07,Blizzard,Blizzard,Partly cloudy,1,diesel,male,proactive,6,0,0
65.0,8.0,0.0,68.25,6.0,1015.5,44.416666666666664,18.291666666666668,0.0,75.95833333333333,4.625,1011.1666666666666,29.208333333333332,14.125,0.0,92.91666666666667,3.875,1017.375,11,6000.0,26,54,8,59.68,1380.1666666666667,501.17,10.02,Clear,Overcast,Moderate rain,1,diesel,male,proactive,2,0,0
45.5,10.5,0.0,61.25,6.0,1016.0,73.54166666666667,2.7083333333333335,0.0,68.29166666666667,6.0,1013.375,43.958333333333336,5.291666666666667,0.0,85.45833333333333,4.791666666666667,999.9583333333334,8,15000.0,16,39,4,58.54,1784.2083333333333,3956.92,79.14,Light rain shower,Partly cloudy,Partly cloudy,1,gas,male,proactive,3,1,1
52.75,6.0,0.125,93.5,2.0,1015.0,20.958333333333332,8.375,0.0,77.08333333333333,6.0,1026.5833333333333,7.375,9.583333333333334,0.0,84.41666666666667,2.5416666666666665,1024.5833333333333,12,3000.0,23,50,15,50.43,1713.125,445.13,8.9,Fog,Clear,Blizzard,1,diesel,male,conservative,6,0,0
56.25,9.0,0.0,89.25,5.75,1014.75,56.375,9.791666666666666,0.0,77.66666666666667,6.0,1009.8333333333334,30.916666666666668,5.083333333333333,0.0,35.208333333333336,6.0,1029.875,12,3000.0,28,51,11,62.62,1777.375,880.87,17.62,Thundery outbreaks possible,Clear,Partly cloudy,1,diesel,male,proactive,4,1,0
74.0,10.25,0.0,87.0,6.0,1015.25,23.875,15.208333333333334,0.008333333333333333,87.33333333333333,3.1666666666666665,1010.0,59.166666666666664,7.666666666666667,0.0,77.45833333333333,6.0,1014.0833333333334,10,6000.0,25,47,6,57.38,893.125,790.65,15.81,Clear,Blizzard,Partly cloudy,1,diesel,male,proactive,8,0,1
65.25,5.0,0.0,67.75,6.0,1015.0,36.708333333333336,13.416666666666666,0.03333333333333333,92.625,3.25,1005.2916666666666,22.291666666666668,9.041666666666666,0.025000000000000005,64.33333333333333,4.083333333333333,1026.4583333333333,10,6000.0,16,46,9,59.54,1178.0833333333333,595.88,11.92,Patchy light rain with thunder,Moderate rain,Heavy snow,1,Unknown,male,proactive,2,0,0
41.0,5.75,0.025,97.75,4.0,1012.0,30.5,16.375,0.02916666666666667,84.70833333333333,1.5416666666666667,1013.4166666666666,13.875,13.541666666666666,0.012500000000000002,89.5,3.5416666666666665,1023.875,10,6000.0,16,47,9,61.06,359.0416666666667,211.56,4.23,Light rain,Blizzard,Blizzard,1,gas,male,proactive,8,0,0
43.0,5.25,0.0,82.0,6.0,1021.0,48.0,6.458333333333333,0.0,80.54166666666667,6.0,1018.25,75.75,11.25,0.0,72.0,6.0,1015.5833333333334,9,15000.0,22,48,12,63.19,1778.6666666666667,1540.6,30.81,Partly cloudy,Partly cloudy,Sunny,1,diesel,male,proactive,4,1,0
68.0,11.75,0.0,51.75,6.0,1008.25,-1.5,7.25,0.0,93.16666666666667,3.5,1022.5416666666666,71.625,3.6666666666666665,0.0,27.541666666666668,6.0,1023.2916666666666,8,6000.0,25,48,9,40.85,872.5416666666666,1385.36,27.71,Overcast,Heavy snow,Sunny,1,diesel,male,conservative,2,1,1
78.25,4.0,0.025,53.25,5.25,1015.75,46.375,5.333333333333333,0.0,66.70833333333333,5.708333333333333,1013.9166666666666,-17.5,5.916666666666667,0.0,65.125,6.0,1029.25,8,6000.0,17,48,-1,48.47,1758.125,1619.87,32.4,Moderate or heavy rain shower,Partly cloudy,Overcast,1,gas,male,conservative,8,1,1
48.25,5.75,0.0,48.75,6.0,1023.0,29.0,7.0,0.0,73.79166666666667,5.458333333333333,1022.0833333333334,33.375,6.666666666666667,0.0,65.95833333333333,5.833333333333333,1015.625,12,10000.0,16,48,12,44.49,1666.5416666666667,1430.92,28.62,Partly cloudy,Light snow,Partly cloudy,1,gas,male,conservative,6,1,1
38.5,4.0,0.0,79.5,6.0,1020.5,32.333333333333336,5.541666666666667,0.0,80.83333333333333,6.0,1032.0,25.083333333333332,3.7916666666666665,0.016666666666666666,94.45833333333333,1.3333333333333333,1026.0416666666667,9,10000.0,23,50,8,60.8,1753.25,989.85,19.8,Clear,Overcast,Heavy snow,0,diesel,male,proactive,7,1,1
42.0,15.25,0.0,58.75,6.0,1015.5,70.91666666666667,4.541666666666667,0.0,83.04166666666667,4.75,1016.3333333333334,6.5,9.083333333333334,0.0,44.125,6.0,1028.9583333333333,8,4000.0,23,45,21,46.04,1629.9166666666667,1715.93,34.32,Cloudy,Partly cloudy,Partly cloudy,1,diesel,male,conservative,4,1,1
66.25,4.5,0.0,53.0,6.0,1011.0,60.291666666666664,3.4166666666666665,0.0,68.95833333333333,5.875,1017.625,19.833333333333332,6.0,0.0,88.75,6.0,1024.0833333333333,8,4000.0,18,48,5,49.69,1771.1666666666667,1385.36,27.71,Overcast,Cloudy,Sunny,1,gas,male,conservative,4,1,1
59.0,9.0,0.0,77.5,3.5,1006.5,38.958333333333336,12.666666666666666,0.0,56.708333333333336,6.0,1021.5,29.666666666666668,12.916666666666666,0.03333333333333333,86.45833333333333,3.75,1013.0416666666666,9,4000.0,19,41,4,41.56,1735.3333333333333,1077.52,21.55,Light drizzle,Sunny,Blizzard,0,gas,male,conservative,8,1,1
77.0,7.5,0.05,51.75,5.0,1011.0,37.791666666666664,8.375,0.004166666666666667,92.54166666666667,4.375,1003.375,44.291666666666664,10.083333333333334,0.0,69.04166666666667,5.333333333333333,1016.625,12,15000.0,16,51,16,39.85,1203.5833333333333,516.0,10.32,Moderate rain,Overcast,Cloudy,1,gas,male,conservative,4,0,0
52.5,4.5,0.0,89.75,5.0,1008.0,1.625,7.541666666666667,0.0,90.375,4.291666666666667,1026.0,19.166666666666668,10.208333333333334,0.0,74.33333333333333,4.458333333333333,1019.6666666666666,9,6000.0,22,49,8,33.94,1105.5833333333333,677.39,13.55,Moderate rain,Clear,Moderate snow,1,diesel,male,conservative,7,0,1
58.75,6.25,0.0,64.5,6.0,1015.5,17.625,14.625,0.004166666666666667,90.45833333333333,2.75,1021.7083333333334,28.041666666666668,20.041666666666668,0.008333333333333333,58.416666666666664,5.25,1023.875,8,4000.0,19,50,12,59.6,1087.4166666666667,543.09,10.86,Clear,Blizzard,Sunny,1,gas,male,proactive,5,0,0
64.5,5.25,0.025,73.0,5.25,1012.0,27.208333333333332,13.875,0.012500000000000002,89.83333333333333,0.5,1009.0416666666666,42.958333333333336,12.208333333333334,0.0,53.791666666666664,6.0,1022.2083333333334,12,10000.0,20,47,13,47.14,197.91666666666666,543.09,10.86,Moderate or heavy rain shower,Blizzard,Sunny,1,gas,male,conservative,6,0,0
60.0,12.0,0.0,69.0,6.0,1015.75,39.083333333333336,6.333333333333333,0.0,69.125,6.0,1010.875,38.791666666666664,5.583333333333333,0.008333333333333333,68.58333333333333,5.958333333333333,1010.4166666666666,9,3000.0,22,61,14,61.06,1804.25,229.5,4.59,Clear,Cloudy,Sunny,1,diesel,male,proactive,8,0,0
62.25,7.5,0.0,65.75,6.0,1014.5,21.708333333333332,18.75,0.0,73.33333333333333,5.375,1017.0,12.458333333333334,8.333333333333334,0.0,85.75,5.166666666666667,1017.6666666666666,10,15000.0,16,59,16,48.42,1747.3333333333333,924.53,18.49,Sunny,Partly cloudy,Light snow,1,gas,male,conservative,6,1,1
71.5,9.5,0.0,87.25,5.5,1013.75,30.5,6.708333333333333,0.0,95.41666666666667,3.7083333333333335,1022.7083333333334,28.708333333333332,10.916666666666666,0.0,76.95833333333333,5.791666666666667,1013.5833333333334,11,3000.0,28,62,20,60.77,1316.3333333333333,5515.53,110.31,Clear,Mist,Clear,1,diesel,male,proactive,9,1,1
40.0,8.0,0.0,80.5,3.5,1010.5,73.54166666666667,2.7083333333333335,0.0,68.29166666666667,6.0,1013.375,51.375,11.625,0.0,91.625,6.0,1014.7916666666666,9,6000.0,15,53,20,62.83,1775.875,2556.16,51.12,Clear,Partly cloudy,Cloudy,1,gas,male,proactive,6,1,0
62.0,4.25,0.0,56.25,6.0,1014.5,49.25,6.75,0.0,77.66666666666667,6.0,1014.3333333333334,6.833333333333333,8.583333333333334,0.012500000000000002,92.0,3.5833333333333335,1012.8333333333334,11,3000.0,21,51,24,60.01,1705.9166666666667,750.3,15.01,Clear,Sunny,Overcast,0,diesel,male,proactive,8,0,0
59.0,7.0,0.0,58.0,5.0,1018.5,28.25,4.916666666666667,0.0,89.41666666666667,5.625,1030.1666666666667,42.833333333333336,9.291666666666666,0.0,88.08333333333333,4.5,1023.7916666666666,8,20000.0,19,44,10,59.82,1847.3333333333333,558.55,11.17,Patchy moderate snow,Light snow,Overcast,1,gas,male,proactive,2,0,0
78.0,13.0,0.0,42.75,6.0,1010.75,27.375,1.6666666666666667,0.0,78.125,6.0,1031.9166666666667,30.458333333333332,5.958333333333333,0.0,94.70833333333333,2.625,1026.875,8,15000.0,21,39,4,47.15,1753.1666666666667,377.15,7.54,Overcast,Partly cloudy,Heavy snow,1,gas,male,conservative,2,0,0
57.5,8.5,0.0,55.25,6.0,1011.5,52.583333333333336,13.541666666666666,0.020833333333333332,78.625,4.583333333333333,1019.375,33.166666666666664,5.083333333333333,0.0,86.0,4.958333333333333,1026.0416666666667,9,6000.0,19,50,8,57.66,1506.9166666666667,2260.36,45.21,Clear,Clear,Cloudy,0,gas,male,proactive,7,1,1
63.25,4.75,0.0,56.5,3.0,1008.5,85.33333333333333,7.333333333333333,0.0,38.666666666666664,6.0,1015.4583333333334,53.875,14.125,0.08333333333333333,85.70833333333333,3.75,1007.625,10,4000.0,26,46,5,63.05,1791.9583333333333,9003.4,180.07,Fog,Clear,Heavy rain,0,diesel,male,proactive,8,1,1
52.5,9.5,0.0,59.75,5.5,1008.5,1.625,7.541666666666667,0.0,90.375,4.291666666666667,1026.0,-10.708333333333334,4.666666666666667,0.0,92.08333333333333,4.083333333333333,1026.5,9,3000.0,18,37,6,63.95,1105.5833333333333,403.56,8.07,Partly cloudy,Clear,Light snow,1,gas,Unknown,Unknown,3,0,0
55.0,7.75,0.0,57.5,4.75,1013.25,75.70833333333333,6.583333333333333,0.0,70.16666666666667,6.0,1010.9166666666666,75.66666666666667,5.041666666666667,0.0,81.625,6.0,1013.75,9,20000.0,16,46,11,57.41,1811.25,447.0,8.94,Sunny,Clear,Clear,0,gas,male,proactive,6,0,0
56.0,2.5,0.0,79.0,5.5,1023.5,40.041666666666664,8.75,0.0,59.25,6.0,1015.7916666666666,52.375,13.916666666666666,0.0,76.79166666666667,6.0,1012.4166666666666,10,10000.0,19,50,5,36.43,1879.0416666666667,1323.45,26.47,Cloudy,Partly cloudy,Partly cloudy,0,gas,male,conservative,7,1,1
60.0,11.0,0.0,95.25,6.0,1003.75,36.041666666666664,8.958333333333334,0.0,81.79166666666667,6.0,1008.5,38.125,7.458333333333333,0.004166666666666667,68.75,5.833333333333333,1010.4583333333334,11,15000.0,14,37,3,60.67,1803.0,226.25,4.53,Clear,Clear,Sunny,1,gas,male,Unknown,7,0,1
57.0,7.75,0.0,67.25,3.0,1009.0,83.54166666666667,5.625,0.0,38.291666666666664,6.0,1013.25,56.75,8.958333333333334,0.0,70.79166666666667,5.625,1017.8333333333334,9,6000.0,23,48,18,64.8,1758.25,7423.61,148.47,Clear,Clear,Partly cloudy,0,diesel,male,Unknown,6,1,0
43.5,14.0,0.0,74.75,6.0,1018.75,48.083333333333336,10.625,0.025000000000000005,72.125,5.75,1011.8333333333334,35.125,4.875,0.0,74.375,5.208333333333333,1026.7916666666667,7,10000.0,19,44,5,41.34,1803.9166666666667,5555.98,111.12,Clear,Sunny,Sunny,0,diesel,male,conservative,4,1,1
42.5,4.25,0.0,58.0,5.5,1019.25,31.625,5.208333333333333,0.0,39.958333333333336,6.0,1035.3333333333333,54.666666666666664,6.458333333333333,0.0,61.75,5.625,1017.6666666666666,14,15000.0,21,46,13,41.22,1757.875,2444.36,48.89,Partly cloudy,Sunny,Partly cloudy,0,diesel,male,conservative,4,1,0
69.5,5.5,0.0,74.5,4.75,1012.75,29.666666666666668,12.916666666666666,0.03333333333333333,86.45833333333333,3.75,1013.0416666666666,37.0,13.875,0.020833333333333332,91.54166666666667,3.6666666666666665,1005.625,5,3000.0,20,61,19,45.94,1133.5833333333333,342.19,6.84,Clear,Blizzard,Light rain,1,Unknown,male,conservative,7,0,0
74.75,8.0,0.0,56.5,6.0,1017.25,34.0,12.791666666666666,0.0,82.25,6.0,1008.7916666666666,35.958333333333336,5.541666666666667,0.0,72.33333333333333,6.0,1009.75,9,3000.0,25,53,20,62.51,1748.0416666666667,554.39,11.09,Sunny,Clear,Clear,1,diesel,male,proactive,7,0,0
74.0,5.75,0.0,68.75,5.75,1013.0,23.458333333333332,11.583333333333334,0.004166666666666667,82.04166666666667,5.333333333333333,1022.875,14.125,3.8333333333333335,0.0,77.91666666666667,5.375,1036.5416666666667,11,15000.0,20,54,20,42.68,1551.7916666666667,470.98,9.42,Clear,Overcast,Partly cloudy,1,gas,male,conservative,7,0,0
56.5,10.75,0.0,85.5,6.0,1009.0,31.375,7.458333333333333,0.0,86.58333333333333,4.625,1015.0416666666666,71.54166666666667,6.833333333333333,0.0,87.79166666666667,6.0,1013.4583333333334,8,4000.0,23,58,21,60.79,1553.5833333333333,791.64,15.83,Clear,Light rain shower,Cloudy,1,diesel,Unknown,proactive,6,0,0
32.5,8.5,0.0,73.0,4.0,1009.5,55.25,10.041666666666666,0.04583333333333334,84.95833333333333,4.791666666666667,1010.625,34.041666666666664,7.333333333333333,0.0,92.25,4.833333333333333,1022.0416666666666,9,6000.0,24,42,10,49.1,1748.4166666666667,1806.27,36.13,Light drizzle,Heavy rain,Partly cloudy,1,diesel,male,conservative,3,1,1
47.0,9.25,0.0,75.75,6.0,1017.25,32.375,5.708333333333333,0.0,58.833333333333336,6.0,1016.875,73.5,2.75,0.0,66.45833333333333,6.0,1014.875,7,10000.0,23,56,18,60.74,1895.8333333333333,2947.83,58.96,Overcast,Clear,Clear,1,diesel,male,proactive,6,1,1
68.0,13.75,0.0,78.5,5.75,1010.25,22.916666666666668,13.541666666666666,0.025000000000000005,91.91666666666667,0.7083333333333334,1006.75,21.708333333333332,18.75,0.0,73.33333333333333,5.375,1017.0,12,6000.0,17,50,11,43.88,220.875,472.61,9.45,Light rain shower,Blizzard,Partly cloudy,1,gas,male,conservative,6,0,1
42.0,5.0,0.0,49.25,6.0,1021.0,26.583333333333332,6.666666666666667,0.0,60.625,5.75,1027.25,53.875,14.125,0.08333333333333333,85.70833333333333,3.75,1007.625,11,10000.0,20,51,12,57.47,1662.5,968.56,19.37,Clear,Sunny,Heavy rain,1,diesel,female,proactive,8,1,0
56.0,6.0,0.0,74.25,6.0,1019.5,15.291666666666666,6.083333333333333,0.0,76.875,5.208333333333333,1044.2083333333333,28.833333333333332,11.875,0.0,38.458333333333336,6.0,1035.7083333333333,9,15000.0,24,50,17,60.09,1704.125,622.23,12.44,Clear,Partly cloudy,Clear,0,diesel,male,proactive,7,0,1
47.75,6.25,0.0,67.0,6.0,1026.0,18.916666666666668,10.375,0.004166666666666667,78.79166666666667,4.041666666666667,1024.3333333333333,39.333333333333336,18.541666666666668,0.0,82.41666666666667,5.333333333333333,1011.2916666666666,7,10000.0,20,51,25,45.43,956.5833333333334,723.35,14.47,Patchy light snow,Heavy snow,Overcast,0,Unknown,male,conservative,8,0,0
41.75,9.75,0.0,74.75,6.0,1021.5,55.583333333333336,8.6875,0.0,71.35416666666667,5.6875,1018.4166666666666,34.25,7.791666666666667,0.0,56.375,6.0,1019.2916666666666,9,3000.0,20,48,12,52.81,1772.08,464.88,9.3,Partly cloudy,Sunny,Clear,1,diesel,male,conservative,6,0,0
46.0,11.75,0.0,61.75,4.0,1009.75,14.5,11.791666666666666,0.0,48.458333333333336,5.625,1025.75,33.041666666666664,7.791666666666667,0.0,61.291666666666664,6.0,1013.4583333333334,9,6000.0,19,47,7,56.77,1696.625,793.44,15.87,Blowing snow,Sunny,Clear,0,gas,female,proactive,8,0,0
59.0,5.75,0.0,62.5,6.0,1020.0,14.416666666666666,7.666666666666667,0.0,47.541666666666664,5.416666666666667,1028.375,-1.3333333333333333,9.583333333333334,0.0,70.95833333333333,1.9166666666666667,1026.0,12,3000.0,26,52,22,63.63,1784.7916666666667,381.12,7.62,Sunny,Overcast,Heavy snow,1,diesel,male,proactive,6,0,0
67.5,8.75,0.0,46.75,6.0,1013.0,32.416666666666664,9.0,0.041666666666666664,78.0,4.458333333333333,1021.5,23.333333333333332,11.041666666666666,0.03333333333333333,92.83333333333333,0.75,1009.6666666666666,8,20000.0,22,52,19,46.85,1576.0416666666667,910.01,18.2,Clear,Overcast,Heavy snow,1,diesel,male,conservative,8,1,1
80.5,8.5,0.0,56.5,5.75,1007.25,31.375,7.458333333333333,0.0,86.58333333333333,4.625,1015.0416666666666,18.5,5.5,0.0,94.75,2.5,1018.625,4,4000.0,16,48,2,58.58,1545.25,257.42,5.15,Clear,Light rain shower,Mist,0,gas,female,proactive,8,0,0
33.5,9.5,0.0,62.5,6.0,1021.0,50.416666666666664,9.708333333333334,0.0,85.41666666666667,5.125,1013.2083333333334,54.916666666666664,9.375,0.008333333333333333,66.0,5.416666666666667,1007.7083333333334,9,6000.0,23,44,9,42.24,1508.75,455.09,9.1,Overcast,Cloudy,Sunny,1,diesel,male,conservative,7,0,0
54.5,8.25,0.0,83.25,6.0,1016.25,15.583333333333334,5.25,0.0,88.16666666666667,5.375,1032.0833333333333,26.583333333333332,5.375,0.0,92.29166666666667,4.541666666666667,1031.8333333333333,8,15000.0,23,48,4,59.27,1564.9583333333333,924.53,18.49,Clear,Partly cloudy,Overcast,1,diesel,male,proactive,2,1,1
55.5,6.0,0.0,96.75,2.5,1016.75,49.791666666666664,8.25,0.0,93.0,6.0,1011.0416666666666,38.208333333333336,4.0,0.0,80.08333333333333,6.0,1021.0,8,10000.0,19,55,23,59.04,1774.25,906.44,18.13,Mist,Cloudy,Clear,1,gas,male,proactive,4,1,0
41.0,9.0,0.0,86.25,5.0,1023.0,25.833333333333332,9.5,0.0,43.291666666666664,6.0,1023.7083333333334,60.333333333333336,10.416666666666666,0.0,64.625,5.625,1019.9583333333334,11,3000.0,23,44,9,57.52,1771.1666666666667,1445.53,28.91,Partly cloudy,Clear,Sunny,0,diesel,male,proactive,4,1,0
79.0,6.5,0.0,71.0,6.0,1016.75,29.25,6.0,0.0,81.83333333333333,4.583333333333333,1019.7083333333334,28.708333333333332,10.916666666666666,0.0,76.95833333333333,5.791666666666667,1013.5833333333334,11,3000.0,23,44,8,42.89,1612.875,5195.34,103.91,Clear,Light snow,Clear,0,diesel,male,conservative,2,1,1
30.5,6.75,0.0,88.25,4.0,1019.25,18.458333333333332,14.416666666666666,0.004166666666666667,86.125,4.0,1023.875,35.416666666666664,5.916666666666667,0.020833333333333332,69.20833333333333,5.333333333333333,1020.7916666666666,9,4000.0,17,50,10,41.03,1459.2916666666667,1098.55,21.97,Mist,Overcast,Overcast,1,gas,male,conservative,8,1,1
56.5,7.75,0.025,73.0,5.0,1018.0,72.25,11.416666666666666,0.0,14.75,6.0,1017.8333333333334,-5.416666666666667,9.625,0.0,84.375,6.0,1035.5,9,20000.0,19,53,18,59.74,1846.4166666666667,6450.44,129.01,Moderate or heavy rain shower,Clear,Partly cloudy,1,gas,male,proactive,6,1,1
59.5,10.25,0.025,90.0,5.25,1016.75,23.875,15.208333333333334,0.008333333333333333,87.33333333333333,3.1666666666666665,1010.0,16.958333333333332,6.916666666666667,0.0,80.58333333333333,6.0,1032.0416666666667,11,10000.0,24,45,11,58.21,884.7916666666666,1132.08,22.64,Partly cloudy,Blizzard,Sunny,1,diesel,Unknown,proactive,4,1,0
71.5,8.75,0.0,64.75,6.0,1012.25,37.791666666666664,8.375,0.0,69.04166666666667,5.25,1010.4166666666666,37.625,10.416666666666666,0.0,70.0,6.0,1009.7916666666666,7,3000.0,13,40,3,41.24,1481.375,342.19,6.84,Sunny,Partly cloudy,Sunny,1,gas,male,conservative,7,0,0
64.0,6.25,0.025,72.5,5.75,1020.0,18.875,12.75,0.0,80.41666666666667,2.7083333333333335,1015.75,-4.791666666666667,4.791666666666667,0.0,84.66666666666667,6.0,1025.7916666666667,11,6000.0,23,49,12,59.71,965.7083333333334,664.67,13.29,Clear,Moderate snow,Clear,1,diesel,male,proactive,4,0,0
54.5,5.5,0.0,70.0,6.0,1017.0,70.91666666666667,4.541666666666667,0.0,83.04166666666667,4.75,1016.3333333333334,26.208333333333332,8.291666666666666,0.0,46.666666666666664,6.0,1028.2916666666667,8,10000.0,14,48,9,43.1,1621.5833333333333,1618.56,32.37,Patchy freezing drizzle possible,Partly cloudy,Partly cloudy,0,gas,male,conservative,8,1,0
46.25,7.5,0.0,78.0,6.0,1013.25,73.29166666666667,5.041666666666667,0.02916666666666667,90.375,5.333333333333333,1019.125,33.375,7.958333333333333,0.008333333333333333,91.79166666666667,4.125,1013.7916666666666,9,10000.0,27,58,22,44.13,1724.5,2407.52,48.15,Clear,Light rain shower,Heavy snow,1,diesel,male,conservative,6,1,1
48.5,6.0,0.0,93.25,4.5,1019.5,31.5,8.666666666666666,0.016666666666666666,80.79166666666667,5.666666666666667,1011.0,50.291666666666664,7.125,0.0,74.375,6.0,1026.75,10,3000.0,22,47,3,45.65,1824.6666666666667,1968.52,39.37,Clear,Partly cloudy,Overcast,0,gas,male,conservative,2,1,1
43.75,18.5,0.0,56.25,3.0,1012.25,25.416666666666668,4.0,0.0,77.875,5.333333333333333,1027.5,48.25,9.208333333333334,0.0,58.333333333333336,6.0,1021.7083333333334,8,4000.0,23,58,21,60.79,1774.3333333333333,1016.07,20.32,Blizzard,Sunny,Clear,1,diesel,Unknown,proactive,6,1,0
54.5,4.25,0.0,66.5,6.0,1016.5,52.291666666666664,6.416666666666667,0.0,68.625,6.0,1017.8333333333334,34.75,2.8333333333333335,0.0,73.33333333333333,6.0,1012.4583333333334,8,4000.0,22,44,1,45.86,1763.3333333333333,1138.14,22.76,Clear,Clear,Cloudy,1,diesel,male,conservative,2,1,0
48.0,12.0,0.0,53.25,4.75,1011.0,28.625,15.083333333333334,0.020833333333333332,93.16666666666667,1.875,1011.4583333333334,27.041666666666668,7.291666666666667,0.0,69.70833333333333,5.166666666666667,1023.3333333333334,10,3000.0,19,47,9,65.42,395.8333333333333,768.78,15.38,Clear,Blizzard,Overcast,1,gas,male,Unknown,8,0,1
55.0,5.0,0.0,92.25,4.0,1011.0,32.375,12.25,0.025000000000000005,91.25,4.75,1016.6666666666666,24.166666666666668,13.041666666666666,0.0,91.54166666666667,4.708333333333333,1019.0416666666666,8,15000.0,18,51,25,48.95,1530.4166666666667,171.37,3.43,Clear,Moderate rain,Light rain,1,gas,female,conservative,4,0,0
37.25,11.5,0.0,83.0,4.75,1017.0,28.25,10.375,0.0,83.75,5.125,1015.875,32.25,9.541666666666666,0.0,93.58333333333333,3.625,1015.0416666666666,15,4000.0,19,44,9,52.16,1808.9583333333333,107.61,2.15,Moderate snow,Overcast,Overcast,1,gas,male,conservative,3,0,0
43.0,13.25,0.025,76.0,3.25,1006.5,29.333333333333332,6.083333333333333,0.0,56.25,6.0,1017.875,19.208333333333332,15.375,0.008333333333333333,90.125,3.0416666666666665,1008.6666666666666,8,3000.0,22,46,8,43.69,1730.125,1018.36,20.37,Blizzard,Sunny,Blizzard,1,diesel,male,conservative,7,1,0
75.0,8.5,0.0,51.0,6.0,1008.5,30.291666666666668,10.5,0.0,89.16666666666667,5.375,1015.0833333333334,87.29166666666667,7.125,0.0,16.291666666666668,6.0,1009.75,9,10000.0,23,47,15,46.51,1698.875,8482.92,169.66,Sunny,Overcast,Clear,1,diesel,male,conservative,4,1,1
83.75,7.25,0.0,55.25,6.0,1014.0,24.208333333333332,5.875,0.0,44.083333333333336,6.0,1030.7916666666667,26.375,4.5,0.0,43.458333333333336,6.0,1030.4583333333333,9,4000.0,16,43,20,61.54,1831.7916666666667,67.62,1.35,Clear,Partly cloudy,Partly cloudy,1,gas,male,proactive,6,0,0
61.5,13.75,0.0,45.75,6.0,1016.0,32.833333333333336,5.75,0.0,93.5,4.708333333333333,1024.0416666666667,33.375,6.666666666666667,0.0,65.95833333333333,5.833333333333333,1015.625,8,10000.0,23,43,13,63.78,1737.5,774.08,15.48,Clear,Moderate or heavy snow showers,Partly cloudy,0,diesel,male,proactive,4,0,0
42.75,9.0,0.05,58.75,4.0,1021.0,25.916666666666668,13.958333333333334,0.025000000000000005,93.70833333333333,2.0,1014.3333333333334,34.541666666666664,7.875,0.008333333333333333,70.66666666666667,4.875,1021.2083333333334,14,3000.0,17,46,8,47.17,397.5416666666667,502.51,10.05,Overcast,Blizzard,Cloudy,1,gas,male,conservative,4,0,0
37.0,7.75,0.0,89.75,6.0,1021.75,73.29166666666667,5.041666666666667,0.02916666666666667,90.375,5.333333333333333,1019.125,28.625,6.708333333333333,0.0,35.333333333333336,6.0,1027.375,14,6000.0,22,53,29,57.59,1724.5,1935.67,38.71,Cloudy,Light rain shower,Overcast,1,diesel,male,proactive,9,1,0
69.0,10.0,0.05,76.0,5.0,1012.25,35.166666666666664,6.708333333333333,0.020833333333333332,70.20833333333333,5.625,1020.7083333333334,10.5,9.375,0.004166666666666667,83.625,4.333333333333333,1028.6666666666667,14,6000.0,17,48,10,48.17,1714.0,910.01,18.2,Clear,Overcast,Heavy snow,1,gas,male,conservative,2,1,1
62.75,6.75,0.0,67.5,4.0,1015.0,15.291666666666666,6.083333333333333,0.0,76.875,5.208333333333333,1044.2083333333333,10.625,10.083333333333334,0.0,73.45833333333333,6.0,1041.75,9,15000.0,19,52,26,39.16,1704.125,196.2,3.92,Mist,Partly cloudy,Sunny,0,gas,male,conservative,9,0,0
78.0,9.25,0.0,70.75,6.0,1015.25,18.916666666666668,6.541666666666667,0.0,43.875,6.0,1042.6666666666667,20.666666666666668,6.041666666666667,0.0,40.666666666666664,6.0,1042.1666666666667,12,15000.0,16,51,16,39.85,1726.875,67.62,1.35,Clear,Sunny,Sunny,1,gas,male,conservative,4,0,0
37.5,10.5,0.0,61.25,6.0,1020.0,60.291666666666664,3.4166666666666665,0.0,68.95833333333333,5.875,1017.625,26.708333333333332,5.625,0.0,58.708333333333336,5.791666666666667,1025.875,12,10000.0,24,50,9,44.91,1754.5,1543.01,30.86,Clear,Cloudy,Partly cloudy,1,diesel,male,conservative,7,1,1
72.0,7.25,0.0,44.5,6.0,1013.25,39.916666666666664,4.583333333333333,0.012500000000000002,76.79166666666667,5.791666666666667,1021.6666666666666,67.75,9.666666666666666,0.0,90.875,5.375,1016.0416666666666,11,15000.0,15,45,11,47.51,1713.6666666666667,952.76,19.06,Clear,Overcast,Cloudy,0,gas,male,conservative,8,1,0
31.75,10.0,0.0,71.5,6.0,1016.5,54.583333333333336,4.541666666666667,0.0,90.45833333333333,4.75,1024.0833333333333,33.375,6.666666666666667,0.0,65.95833333333333,5.833333333333333,1015.625,6,15000.0,14,44,11,43.81,1274.7916666666667,827.24,16.54,Clear,Overcast,Partly cloudy,1,gas,male,conservative,8,1,0
68.5,3.0,0.0,64.75,6.0,1020.5,65.5,5.208333333333333,0.0,91.83333333333333,4.041666666666667,1014.6666666666666,39.875,11.208333333333334,0.0,95.54166666666667,6.0,1016.625,11,6000.0,24,40,6,41.31,1354.7083333333333,997.93,19.96,Clear,Overcast,Partly cloudy,1,diesel,male,conservative,4,1,1
81.5,7.0,0.05,85.0,5.25,1015.25,55.208333333333336,8.25,0.0,49.708333333333336,6.0,1026.25,24.208333333333332,5.875,0.0,44.083333333333336,6.0,1030.7916666666667,7,20000.0,21,51,20,59.53,1740.0,793.61,15.87,Clear,Partly cloudy,Partly cloudy,0,diesel,male,proactive,9,0,0
65.0,10.5,0.0,88.25,6.0,1018.0,73.5,2.75,0.0,66.45833333333333,6.0,1014.875,32.75,5.041666666666667,0.004166666666666667,95.79166666666667,4.208333333333333,1020.625,10,15000.0,22,57,19,63.64,1700.9583333333333,2526.66,50.53,Patchy rain possible,Clear,Light snow,0,diesel,male,proactive,6,1,1
57.0,9.75,0.0,88.0,6.0,1016.75,38.541666666666664,8.916666666666666,0.0,99.08333333333333,4.333333333333333,1013.0,38.208333333333336,4.0,0.0,80.08333333333333,6.0,1021.0,11,20000.0,22,43,3,59.29,1159.7916666666667,674.53,13.49,Clear,Overcast,Clear,0,diesel,male,proactive,8,0,0
54.5,10.25,0.0,27.5,6.0,1028.75,35.958333333333336,3.7916666666666665,0.0,80.33333333333333,6.0,1020.75,36.25,5.458333333333333,0.0,99.41666666666667,1.0416666666666667,1007.0833333333334,10,3000.0,24,47,6,47.32,1801.5,958.67,19.17,Sunny,Sunny,Fog,1,diesel,male,conservative,3,1,1
67.75,12.25,0.0,58.5,4.75,1017.0,24.208333333333332,5.875,0.0,44.083333333333336,6.0,1030.7916666666667,31.916666666666668,12.208333333333334,0.0,51.958333333333336,4.75,1008.7916666666666,8,10000.0,21,50,5,59.49,1831.7916666666667,860.48,17.21,Sunny,Partly cloudy,Blowing snow,1,diesel,Unknown,proactive,4,1,1
69.5,4.0,0.0,86.75,6.0,1017.0,55.583333333333336,8.6875,0.0,71.35416666666667,5.6875,1018.4166666666666,29.291666666666668,7.208333333333333,0.0,90.45833333333333,4.416666666666667,1024.1666666666667,9,4000.0,19,56,24,49.9,1746.36,392.35,7.85,Light rain shower,Sunny,Moderate or heavy snow showers,1,gas,male,conservative,6,0,0
75.0,10.5,0.0,70.5,6.0,1009.5,13.083333333333334,11.916666666666666,0.02916666666666667,94.125,1.4583333333333333,1007.8333333333334,25.791666666666668,13.041666666666666,0.004166666666666667,84.04166666666667,2.9166666666666665,1011.5,11,15000.0,27,47,13,39.39,326.25,367.58,7.35,Clear,Heavy snow,Blizzard,0,diesel,male,conservative,4,0,0
44.5,3.75,0.025,77.25,5.25,1023.25,34.291666666666664,5.791666666666667,0.0,93.66666666666667,2.6666666666666665,1023.8333333333334,75.25,11.916666666666666,0.0,69.375,6.0,1016.7916666666666,11,15000.0,24,39,2,60.59,746.4583333333334,1540.6,30.81,Clear,Mist,Clear,1,diesel,male,proactive,4,1,1
48.5,4.0,0.0,67.0,3.75,1021.0,14.083333333333334,3.5416666666666665,0.0,75.66666666666667,6.0,1030.2916666666667,28.25,4.916666666666667,0.0,89.41666666666667,5.625,1030.1666666666667,10,4000.0,23,43,7,50.1,1821.4166666666667,1087.41,21.75,Heavy snow,Clear,Light snow,1,diesel,male,conservative,2,1,0
75.0,6.5,0.0,66.0,6.0,1009.5,28.166666666666668,7.541666666666667,0.0,60.166666666666664,4.791666666666667,1024.25,1.7916666666666667,6.25,0.0,91.5,4.125,1030.125,12,3000.0,24,47,11,44.32,1686.4166666666667,572.66,11.45,Clear,Sunny,Partly cloudy,1,diesel,male,conservative,5,0,0
55.75,4.25,0.0,83.0,3.75,1016.5,45.125,8.875,0.0,61.583333333333336,6.0,1027.2916666666667,46.875,6.166666666666667,0.008333333333333333,81.125,4.416666666666667,1009.4166666666666,11,10000.0,17,51,30,58.5,1740.8333333333333,1968.52,39.37,Mist,Clear,Patchy light drizzle,1,gas,male,proactive,6,1,0
44.25,10.5,0.0,65.0,6.0,1014.5,13.083333333333334,11.916666666666666,0.02916666666666667,94.125,1.4583333333333333,1007.8333333333334,19.583333333333332,8.333333333333334,0.004166666666666667,80.125,4.25,1024.0833333333333,9,4000.0,23,48,17,56.82,342.9166666666667,1037.5,20.75,Clear,Heavy snow,Clear,1,diesel,male,proactive,4,1,1
52.5,6.25,0.0,70.75,6.0,1015.5,48.875,5.875,0.008333333333333333,89.75,4.333333333333333,1014.2916666666666,34.75,2.8333333333333335,0.0,73.33333333333333,6.0,1012.4583333333334,9,4000.0,26,43,7,61.58,1213.9583333333333,246.53,4.93,Partly cloudy,Light drizzle,Cloudy,1,diesel,male,proactive,2,0,0
68.0,6.75,0.0,66.25,3.5,1013.75,27.375,1.6666666666666667,0.0,78.125,6.0,1031.9166666666667,42.833333333333336,9.291666666666666,0.0,88.08333333333333,4.5,1023.7916666666666,8,3000.0,26,55,12,33.15,1736.5,750.3,15.01,Fog,Partly cloudy,Overcast,1,diesel,male,conservative,4,0,0
63.0,8.75,0.0,48.0,6.0,1016.25,35.333333333333336,11.166666666666666,0.0375,95.375,3.125,1004.625,37.541666666666664,5.833333333333333,0.0,55.833333333333336,6.0,1029.4166666666667,9,20000.0,25,41,7,57.07,1152.0,761.13,15.22,Clear,Light drizzle,Partly cloudy,1,diesel,male,proactive,2,0,0
61.25,5.25,0.0,67.0,6.0,1016.25,22.625,11.291666666666666,0.0,79.54166666666667,6.0,1021.2083333333334,43.958333333333336,5.291666666666667,0.0,85.45833333333333,4.791666666666667,999.9583333333334,12,20000.0,26,49,11,49.62,1787.5833333333333,2185.1,43.7,Clear,Partly cloudy,Partly cloudy,1,diesel,male,conservative,4,1,1
73.75,8.0,0.0,47.5,6.0,1012.0,44.75,10.041666666666666,0.0,96.08333333333333,6.0,1011.3333333333334,56.833333333333336,5.875,0.0,93.20833333333333,3.2083333333333335,1017.5416666666666,8,10000.0,21,50,5,59.49,1773.5,480.16,9.6,Sunny,Partly cloudy,Cloudy,1,diesel,Unknown,proactive,4,0,0
51.5,13.0,0.07500000000000001,86.25,4.5,1012.0,35.166666666666664,6.708333333333333,0.020833333333333332,70.20833333333333,5.625,1020.7083333333334,60.666666666666664,8.708333333333334,0.0020833333333333333,71.5,5.125,1013.2916666666666,12,10000.0,27,52,27,38.86,1722.3333333333333,429.1,8.58,Heavy rain,Overcast,Overcast,1,diesel,male,conservative,7,0,1
53.0,7.5,0.0,64.75,6.0,1016.75,35.333333333333336,11.166666666666666,0.0375,95.375,3.125,1004.625,37.416666666666664,10.0,0.012500000000000002,92.70833333333333,4.75,1003.8333333333334,12,15000.0,22,52,13,45.85,1152.0,83.21,1.66,Clear,Light drizzle,Light rain,1,Unknown,male,conservative,5,0,0
78.5,4.0,0.0,60.5,6.0,1015.5,30.125,13.75,0.020833333333333332,91.79166666666667,4.0,1017.5,29.208333333333332,14.125,0.0,92.91666666666667,3.875,1017.375,11,10000.0,21,51,24,57.72,1179.7916666666667,21.39,0.43,Clear,Moderate rain,Moderate rain,1,diesel,male,proactive,9,0,0
65.0,4.25,0.0,69.5,6.0,1015.5,25.458333333333332,13.208333333333334,0.0,60.375,4.0,1017.5416666666666,29.041666666666668,10.083333333333334,0.0,43.833333333333336,6.0,1027.25,13,6000.0,17,50,-7,35.2,1587.625,939.23,18.78,Clear,Blizzard,Clear,0,gas,male,conservative,4,1,1
42.0,9.25,0.0,60.5,6.0,1022.25,28.791666666666668,5.958333333333333,0.0,36.416666666666664,6.0,1029.6666666666667,56.3125,5.8125,0.0,72.72916666666667,5.8125,1020.1666666666666,10,15000.0,21,42,5,46.36,1778.9166666666667,464.88,9.3,Sunny,Partly cloudy,Partly cloudy,1,gas,male,conservative,4,0,1
62.25,10.75,0.0,57.0,6.0,1018.25,26.0,6.041666666666667,0.008333333333333333,67.29166666666667,4.041666666666667,1032.2916666666667,22.458333333333332,10.25,0.0,83.08333333333333,3.8333333333333335,1009.7083333333334,12,6000.0,24,42,13,44.01,1010.0,1502.04,30.04,Sunny,Heavy snow,Heavy snow,1,diesel,male,conservative,5,1,1
57.5,6.5,0.0,71.75,5.5,1018.25,34.0,12.791666666666666,0.0,82.25,6.0,1008.7916666666666,41.75,8.25,0.0,67.83333333333333,5.791666666666667,1014.1666666666666,10,10000.0,22,51,12,40.52,1748.0416666666667,1189.15,23.78,Partly cloudy,Clear,Clear,1,diesel,male,conservative,4,1,1
30.75,7.25,0.0,90.5,6.0,1017.5,75.70833333333333,6.583333333333333,0.0,70.16666666666667,6.0,1010.9166666666666,12.5,12.166666666666666,0.0,57.375,6.0,1032.3333333333333,8,3000.0,17,28,4,58.69,1811.25,1664.76,33.3,Cloudy,Clear,Overcast,0,gas,male,proactive,4,1,0
74.5,4.0,0.0,68.0,6.0,1017.5,17.958333333333332,3.0416666666666665,0.0,55.875,6.0,1031.4166666666667,11.125,7.5,0.0,87.625,6.0,1028.2083333333333,10,6000.0,27,45,18,60.77,1710.0416666666667,283.16,5.66,Clear,Sunny,Sunny,0,diesel,male,proactive,4,0,0
78.75,8.75,0.0,31.5,6.0,1012.5,-2.4166666666666665,2.8333333333333335,0.0,82.58333333333333,6.0,1037.4166666666667,14.625,6.333333333333333,0.0,83.91666666666667,5.25,1029.9166666666667,11,10000.0,18,54,19,47.98,1797.0,1013.27,20.27,Patchy rain possible,Sunny,Partly cloudy,1,Unknown,male,conservative,4,1,0
39.5,9.25,0.0,45.5,6.0,1029.5,22.916666666666668,13.541666666666666,0.025000000000000005,91.91666666666667,0.7083333333333334,1006.75,5.416666666666667,12.833333333333334,0.004166666666666667,91.5,2.5833333333333335,1012.125,10,3000.0,19,51,18,57.49,212.54166666666666,236.63,4.73,Clear,Blizzard,Blizzard,1,gas,male,proactive,7,0,1
75.0,12.25,0.0,68.25,6.0,1009.75,13.875,6.208333333333333,0.0,55.416666666666664,6.0,1044.0416666666667,17.666666666666668,13.083333333333334,0.0,67.875,6.0,1037.3333333333333,7,20000.0,21,51,20,59.53,1865.7083333333333,340.34,6.81,Sunny,Sunny,Sunny,0,diesel,male,proactive,9,0,0
67.0,9.0,0.0,38.5,6.0,1017.0,15.791666666666666,8.291666666666666,0.0,83.16666666666667,5.875,1028.5833333333333,47.125,12.541666666666666,0.008333333333333333,78.70833333333333,6.0,1017.625,7,4000.0,18,44,9,42.24,1798.75,649.03,12.98,Clear,Clear,Partly cloudy,1,gas,Unknown,conservative,8,0,0
57.75,5.75,0.0,55.5,6.0,1020.0,36.708333333333336,13.416666666666666,0.03333333333333333,92.625,3.25,1005.2916666666666,59.833333333333336,8.75,0.0,62.5,5.333333333333333,1020.875,10,6000.0,25,47,6,57.38,1161.4166666666667,1040.66,20.81,Sunny,Moderate rain,Sunny,1,diesel,male,proactive,8,1,1
45.75,8.25,0.0,79.5,6.0,1014.25,35.333333333333336,6.833333333333333,0.0,57.666666666666664,6.0,1020.0416666666666,54.583333333333336,4.541666666666667,0.0,90.45833333333333,4.75,1024.0833333333333,8,10000.0,19,45,8,64.31,1755.0416666666667,1432.97,28.66,Clear,Clear,Overcast,0,Unknown,male,proactive,4,1,0
84.0,9.75,0.0,57.25,6.0,1010.5,13.875,6.208333333333333,0.0,55.416666666666664,6.0,1044.0416666666667,23.166666666666668,18.791666666666668,0.0,39.166666666666664,5.375,1031.0,13,3000.0,17,45,12,60.67,1874.0416666666667,909.1,18.18,Sunny,Sunny,Sunny,1,gas,male,proactive,8,1,1
73.5,7.75,0.0,64.75,6.0,1016.25,47.166666666666664,3.0416666666666665,0.0,73.875,6.0,1029.75,-2.0,5.125,0.0,90.0,3.5416666666666665,1021.7916666666666,7,3000.0,15,51,23,61.3,1837.25,1534.3,30.69,Patchy rain possible,Sunny,Heavy snow,1,gas,male,proactive,6,1,1
70.25,2.0,0.0,60.25,6.0,1016.25,29.666666666666668,12.916666666666666,0.03333333333333333,86.45833333333333,3.75,1013.0416666666666,42.958333333333336,12.208333333333334,0.0,53.791666666666664,6.0,1022.2083333333334,7,4000.0,24,53,24,61.75,1116.9166666666667,1156.15,23.12,Clear,Blizzard,Sunny,0,diesel,male,proactive,4,1,1
65.5,3.75,0.0,93.5,3.25,1014.5,22.083333333333332,7.125,0.0,67.70833333333333,5.75,1027.7083333333333,29.041666666666668,10.083333333333334,0.0,43.833333333333336,6.0,1027.25,11,3000.0,18,53,14,47.01,1828.9166666666667,625.71,12.51,Fog,Light snow,Clear,1,gas,male,conservative,5,0,1
46.0,10.5,0.0,84.25,5.5,1021.25,31.125,10.625,0.0375,74.33333333333333,4.041666666666667,1022.75,28.041666666666668,12.708333333333334,0.004166666666666667,93.0,3.7083333333333335,1004.0833333333334,10,4000.0,22,42,-3,61.59,1242.0833333333333,638.89,12.78,Sunny,Heavy snow,Overcast,1,diesel,male,proactive,8,0,0
56.0,4.25,0.0,61.25,6.0,1017.25,28.541666666666668,10.125,0.0,82.25,4.458333333333333,1026.4583333333333,58.0,9.833333333333334,0.0,71.875,6.0,1020.0833333333334,11,10000.0,21,44,16,48.2,1530.75,857.17,17.14,Partly cloudy,Moderate snow,Overcast,1,Unknown,male,conservative,4,1,0
69.5,6.75,0.0,58.5,4.75,1018.0,75.25,8.75,0.0,68.625,6.0,1016.4583333333334,19.208333333333332,4.0,0.0,75.08333333333333,6.0,1025.7083333333333,7,6000.0,16,50,16,46.99,1852.125,2045.33,40.91,Patchy light drizzle,Clear,Overcast,1,gas,male,conservative,7,1,1
51.5,10.5,0.07500000000000001,85.0,4.5,1007.0,46.208333333333336,7.166666666666667,0.0,82.04166666666667,6.0,1016.3333333333334,66.75,9.625,0.0,93.95833333333333,4.083333333333333,1014.2916666666666,9,3000.0,21,54,15,50.93,1705.5833333333333,1410.19,28.2,Cloudy,Partly cloudy,Mist,1,diesel,male,conservative,8,1,0
48.0,5.25,0.0,87.0,6.0,1018.0,46.333333333333336,7.041666666666667,0.016666666666666666,95.58333333333333,4.833333333333333,1014.125,16.083333333333332,8.791666666666666,0.0,61.375,6.0,1018.75,10,4000.0,25,56,27,46.85,1636.6666666666667,667.09,13.34,Clear,Overcast,Overcast,1,diesel,male,conservative,7,0,0
71.5,6.25,0.0,77.75,6.0,1012.0,31.25,9.75,0.0,59.0,6.0,1002.5833333333334,17.958333333333332,3.0416666666666665,0.0,55.875,6.0,1031.4166666666667,11,10000.0,22,47,8,55.09,1790.9583333333333,1033.13,20.66,Clear,Light snow,Sunny,1,gas,Unknown,conservative,4,1,0
54.0,9.25,0.0,67.0,6.0,1018.75,73.33333333333333,3.875,0.0,85.625,4.166666666666667,1015.0,24.791666666666668,5.041666666666667,0.0,86.0,2.8333333333333335,1014.125,7,6000.0,25,47,5,61.2,1651.6666666666667,1986.02,39.72,Clear,Partly cloudy,Fog,1,diesel,male,proactive,7,1,1
50.0,7.25,0.0,63.0,3.75,1011.25,20.5,6.666666666666667,0.0,56.458333333333336,6.0,1022.625,-10.416666666666666,5.666666666666667,0.0,76.20833333333333,3.7916666666666665,1030.2916666666667,14,6000.0,17,48,10,48.17,1703.9583333333333,251.66,5.03,Clear,Partly cloudy,Partly cloudy,1,gas,male,conservative,2,0,0
67.5,12.25,0.0,51.75,5.5,1011.0,46.583333333333336,12.458333333333334,0.0,61.25,5.333333333333333,1011.0416666666666,63.041666666666664,2.9166666666666665,0.0,65.58333333333333,6.0,1020.5416666666666,9,3000.0,24,40,1,59.12,1576.2916666666667,2367.72,47.35,Cloudy,Sunny,Clear,1,diesel,male,proactive,4,1,0
66.5,16.75,0.07500000000000001,53.25,3.5,1009.75,-4.625,2.2916666666666665,0.0,83.875,6.0,1025.8333333333333,32.583333333333336,10.291666666666666,0.0,50.666666666666664,6.0,1017.0,11,15000.0,14,37,3,60.67,1808.375,934.77,18.7,Heavy snow,Cloudy,Clear,1,gas,male,Unknown,7,1,1
75.25,6.0,0.0,51.5,5.5,1014.0,6.5,9.083333333333334,0.0,44.125,6.0,1028.9583333333333,-16.041666666666668,2.0833333333333335,0.0,70.54166666666667,3.6666666666666665,1030.0833333333333,10,6000.0,26,50,10,35.29,1731.0833333333333,727.48,14.55,Cloudy,Partly cloudy,Mist,1,diesel,male,conservative,4,0,0
29.5,7.75,0.0,59.5,5.75,1019.75,49.333333333333336,9.5,0.03333333333333333,83.79166666666667,5.041666666666667,1005.7083333333334,47.833333333333336,9.041666666666666,0.04583333333333334,85.58333333333333,4.958333333333333,1005.0833333333334,7,6000.0,26,47,13,60.76,1610.7916666666667,38.1,0.76,Light snow,Moderate rain,Moderate rain,0,diesel,male,proactive,8,0,1
44.25,2.75,0.0,77.0,6.0,1013.0,9.5,13.375,0.0,46.791666666666664,6.0,1024.4166666666667,-10.416666666666666,5.666666666666667,0.0,76.20833333333333,3.7916666666666665,1030.2916666666667,11,10000.0,18,54,19,47.98,1804.5416666666667,903.25,18.07,Clear,Partly cloudy,Partly cloudy,0,Unknown,male,conservative,4,1,1
36.25,8.25,0.0,67.5,5.75,1014.25,25.416666666666668,4.0,0.0,77.875,5.333333333333333,1027.5,50.416666666666664,7.583333333333333,0.0,63.083333333333336,6.0,1027.9166666666667,7,6000.0,26,47,13,60.76,1749.3333333333333,827.24,16.54,Clear,Sunny,Clear,1,diesel,male,proactive,8,1,0
38.75,7.25,0.0,79.0,4.5,1016.0,24.333333333333332,16.875,0.0,89.5,2.2916666666666665,1015.5,26.291666666666668,13.416666666666666,0.0,79.29166666666667,5.375,1025.2916666666667,7,15000.0,17,47,3,42.25,348.1666666666667,516.77,10.34,Clear,Heavy snow,Overcast,1,gas,male,conservative,8,0,0
54.0,7.0,0.0,81.75,6.0,1015.75,29.041666666666668,10.083333333333334,0.0,43.833333333333336,6.0,1027.25,21.333333333333332,11.0,0.0,83.58333333333333,0.9166666666666666,1017.4583333333334,9,3000.0,18,51,15,60.17,1805.125,924.53,18.49,Clear,Clear,Blizzard,1,gas,male,proactive,6,1,1
51.25,6.0,0.0,81.5,4.0,1012.5,75.70833333333333,6.583333333333333,0.0,70.16666666666667,6.0,1010.9166666666666,26.041666666666668,10.5,0.0,80.625,5.25,1027.4166666666667,7,3000.0,16,50,1,58.01,1819.5833333333333,1735.06,34.7,Clear,Clear,Light snow,1,gas,male,proactive,8,1,0
39.75,8.25,0.0,42.75,4.75,1029.5,46.875,6.166666666666667,0.008333333333333333,81.125,4.416666666666667,1009.4166666666666,40.041666666666664,12.375,0.008333333333333333,62.833333333333336,5.208333333333333,1001.4583333333334,11,20000.0,22,47,3,51.84,1832.5833333333333,2456.93,49.14,Cloudy,Patchy light drizzle,Partly cloudy,1,diesel,male,conservative,8,1,0
43.5,7.75,0.0,71.5,5.0,1017.25,75.70833333333333,6.583333333333333,0.0,70.16666666666667,6.0,1010.9166666666666,72.25,11.416666666666666,0.0,14.75,6.0,1017.8333333333334,11,15000.0,19,50,5,60.84,1827.9166666666667,6992.44,139.85,Sunny,Clear,Clear,1,Unknown,male,proactive,2,1,1
57.5,7.25,0.0,54.0,6.0,1021.0,32.5,4.0,0.0,93.79166666666667,3.4166666666666665,1023.8333333333334,34.25,7.791666666666667,0.0,56.375,6.0,1019.2916666666666,7,3000.0,24,45,11,45.3,949.8333333333334,931.12,18.62,Light snow,Overcast,Clear,1,diesel,male,conservative,6,1,1
77.75,3.0,0.0,54.5,6.0,1016.5,52.291666666666664,6.416666666666667,0.0,68.625,6.0,1017.8333333333334,35.958333333333336,5.541666666666667,0.0,72.33333333333333,6.0,1009.75,10,3000.0,19,51,18,57.49,1763.3333333333333,960.93,19.22,Sunny,Clear,Clear,1,gas,male,proactive,7,1,0
70.75,8.5,0.0,91.0,4.5,1019.0,13.041666666666666,11.75,0.0,39.458333333333336,6.0,1024.9166666666667,-1.2916666666666667,6.375,0.0,77.79166666666667,4.708333333333333,1029.4583333333333,8,3000.0,20,50,17,33.31,1891.9166666666667,864.31,17.29,Clear,Partly cloudy,Partly cloudy,1,gas,male,conservative,8,1,1
59.0,6.25,0.0,70.0,6.0,1014.5,75.70833333333333,6.583333333333333,0.0,70.16666666666667,6.0,1010.9166666666666,57.875,9.75,0.0,19.625,6.0,1021.3333333333334,12,3000.0,13,54,22,63.5,1836.25,1912.18,38.24,Clear,Clear,Sunny,1,gas,male,Unknown,8,1,1
50.0,7.5,0.0,87.75,2.25,1021.25,38.666666666666664,6.5,0.0,60.416666666666664,6.0,1016.8333333333334,16.833333333333332,15.916666666666666,0.012500000000000002,89.91666666666667,2.4583333333333335,1010.0416666666666,12,3000.0,28,51,11,62.62,1755.3333333333333,895.97,17.92,Light drizzle,Overcast,Heavy snow,1,diesel,male,proactive,4,1,0
57.0,13.25,0.0,83.0,6.0,1004.5,21.125,9.041666666666666,0.0,48.75,6.0,1026.5416666666667,54.770833333333336,7.791666666666667,0.0020833333333333333,56.645833333333336,5.979166666666667,1017.5833333333334,9,15000.0,18,55,19,58.16,1807.375,631.09,12.62,Light sleet,Clear,Sunny,1,gas,male,proactive,9,0,1
72.5,8.25,0.0,40.5,6.0,1013.5,56.833333333333336,5.875,0.0,93.20833333333333,3.2083333333333335,1017.5416666666666,38.625,4.0,0.0,80.5,6.0,1021.0,8,3000.0,24,44,9,59.04,1357.375,952.76,19.06,Partly cloudy,Cloudy,Clear,0,diesel,male,proactive,3,1,1
60.0,6.25,0.05,78.75,5.0,1015.0,29.375,4.5,0.0,83.91666666666667,5.0,1024.375,27.125,10.5,0.0,82.375,6.0,1023.75,6,6000.0,21,41,4,57.43,1770.5,439.84,8.8,Cloudy,Moderate snow,Partly cloudy,1,gas,male,proactive,8,0,1
59.75,14.25,0.0,60.0,6.0,1015.5,22.583333333333332,11.833333333333334,0.03333333333333333,94.04166666666667,1.625,1008.5416666666666,37.25,7.791666666666667,0.020833333333333332,93.375,4.5,1017.4583333333334,11,10000.0,20,51,12,57.47,458.3333333333333,761.13,15.22,Sunny,Heavy snow,Light rain,1,diesel,female,proactive,8,0,0
82.5,12.0,0.0,80.75,6.0,1008.75,24.208333333333332,5.875,0.0,44.083333333333336,6.0,1030.7916666666667,23.5,5.791666666666667,0.0,44.75,6.0,1030.8333333333333,10,15000.0,20,46,0,63.52,1831.7916666666667,21.39,0.43,Overcast,Partly cloudy,Partly cloudy,1,diesel,male,proactive,8,0,0
40.75,9.75,0.0,49.5,6.0,1026.0,44.666666666666664,2.0,0.0,80.54166666666667,6.0,1030.5833333333333,14.041666666666666,10.25,0.0,69.08333333333333,5.75,1023.9166666666666,10,10000.0,25,45,6,60.26,1821.5416666666667,2018.08,40.36,Clear,Clear,Partly cloudy,0,diesel,male,proactive,8,1,1
71.25,5.25,0.0,73.25,6.0,1014.75,23.458333333333332,11.583333333333334,0.004166666666666667,82.04166666666667,5.333333333333333,1022.875,63.666666666666664,9.166666666666666,0.0,83.08333333333333,6.0,1013.7083333333334,13,3000.0,17,49,12,59.86,1535.125,963.76,19.28,Sunny,Overcast,Overcast,0,gas,male,proactive,8,1,1
68.5,6.5,0.0,51.0,6.0,1016.0,20.666666666666668,6.041666666666667,0.0,40.666666666666664,6.0,1042.1666666666667,13.458333333333334,6.291666666666667,0.0,65.70833333333333,6.0,1043.2916666666667,9,4000.0,22,39,2,62.07,1791.5416666666667,134.12,2.68,Sunny,Sunny,Sunny,1,diesel,male,proactive,3,0,0
53.25,5.25,0.025,79.0,3.0,1013.5,40.166666666666664,8.083333333333334,0.0,87.58333333333333,4.958333333333333,1018.5833333333334,27.416666666666668,11.166666666666666,0.0,87.0,4.25,1001.0833333333334,9,15000.0,19,45,5,45.14,1664.7916666666667,1452.11,29.04,Light drizzle,Partly cloudy,Moderate snow,1,gas,male,conservative,8,1,1
59.25,9.25,0.0,83.25,6.0,1017.0,-0.5416666666666666,9.0,0.0,52.625,5.958333333333333,1031.4583333333333,26.208333333333332,8.291666666666666,0.0,46.666666666666664,6.0,1028.2916666666667,11,3000.0,17,47,22,38.25,1780.0833333333333,472.99,9.46,Overcast,Partly cloudy,Partly cloudy,1,gas,male,conservative,4,0,0
40.25,9.25,0.0,79.75,4.25,1014.75,-2.4166666666666665,2.8333333333333335,0.0,82.58333333333333,6.0,1037.4166666666667,58.0,9.833333333333334,0.0,71.875,6.0,1020.0833333333334,10,15000.0,16,55,17,59.69,1797.0,1356.29,27.13,Moderate snow,Sunny,Overcast,1,gas,male,proactive,4,1,0
67.5,6.25,0.05,74.0,4.25,1013.5,39.083333333333336,6.333333333333333,0.0,69.125,6.0,1010.875,37.916666666666664,6.416666666666667,0.0,75.16666666666667,6.0,1010.2916666666666,13,3000.0,21,49,10,43.39,1787.5833333333333,78.82,1.58,Clear,Cloudy,Clear,0,diesel,male,conservative,8,0,0
64.5,8.75,0.0,68.0,6.0,1010.25,24.875,8.166666666666666,0.0,45.166666666666664,6.0,1019.125,30.5,6.208333333333333,0.0,45.125,6.0,1018.7916666666666,9,4000.0,22,57,21,49.47,1757.6666666666667,158.59,3.17,Patchy rain possible,Overcast,Clear,1,diesel,male,conservative,9,0,0
92.5,6.25,0.0,49.75,6.0,1009.0,60.75,17.541666666666668,0.0,79.75,6.0,1006.5416666666666,46.791666666666664,16.041666666666668,0.0,74.58333333333333,6.0,1009.9583333333334,9,3000.0,22,45,14,42.94,1752.2083333333333,1155.04,23.1,Sunny,Cloudy,Sunny,0,diesel,female,conservative,6,1,0
47.25,10.75,0.0,76.5,4.75,1012.75,34.0,12.791666666666666,0.0,82.25,6.0,1008.7916666666666,40.416666666666664,4.75,0.0,61.041666666666664,6.0,1012.75,8,20000.0,25,50,11,61.11,1748.0416666666667,447.87,8.96,Clear,Clear,Sunny,1,diesel,male,proactive,5,0,0
65.5,13.25,0.0,72.0,6.0,1014.75,54.916666666666664,9.375,0.008333333333333333,66.0,5.416666666666667,1007.7083333333334,52.875,11.0,0.004166666666666667,77.70833333333333,5.666666666666667,1006.625,9,3000.0,15,49,7,64.47,1741.0416666666667,222.94,4.46,Overcast,Sunny,Clear,1,gas,male,Unknown,8,0,0
75.25,12.5,0.0,75.25,6.0,1014.0,32.916666666666664,5.666666666666667,0.0,86.16666666666667,6.0,1008.6666666666666,48.875,5.875,0.008333333333333333,89.75,4.333333333333333,1014.2916666666666,12,10000.0,20,47,13,47.14,1739.7916666666667,944.02,18.88,Clear,Clear,Light drizzle,1,gas,male,conservative,6,1,0
43.0,7.0,0.0,91.75,6.0,1009.0,28.166666666666668,7.541666666666667,0.0,60.166666666666664,4.791666666666667,1024.25,25.791666666666668,5.25,0.0,89.0,5.041666666666667,1021.1666666666666,11,3000.0,23,44,9,57.52,1686.4166666666667,1324.85,26.5,Partly cloudy,Sunny,Patchy moderate snow,1,diesel,male,proactive,4,1,1
57.5,12.25,0.0,50.5,6.0,1010.5,75.66666666666667,5.041666666666667,0.0,81.625,6.0,1013.75,46.666666666666664,10.5,0.020833333333333332,76.54166666666667,5.541666666666667,1009.4166666666666,7,20000.0,13,38,6,61.1,1747.5,2031.49,40.63,Partly cloudy,Clear,Sunny,0,gas,male,proactive,8,1,0
86.0,8.25,0.05,61.0,5.0,1016.0,44.75,10.041666666666666,0.0,96.08333333333333,6.0,1011.3333333333334,45.041666666666664,2.4166666666666665,0.0,81.125,6.0,1021.2916666666666,8,10000.0,25,47,12,58.98,1773.5,816.72,16.33,Moderate or heavy rain shower,Partly cloudy,Clear,1,diesel,male,proactive,4,1,0
50.25,8.5,0.05,85.25,5.0,1022.0,52.666666666666664,5.583333333333333,0.0,90.45833333333333,4.166666666666667,1017.0416666666666,27.416666666666668,11.166666666666666,0.0,87.0,4.25,1001.0833333333334,10,3000.0,18,55,24,46.94,1175.0416666666667,1722.0,34.44,Moderate or heavy rain shower,Partly cloudy,Moderate snow,1,gas,male,conservative,9,1,1
68.0,5.25,0.0,66.5,3.25,1014.0,25.458333333333332,14.833333333333334,0.016666666666666666,88.95833333333333,1.375,1010.7083333333334,42.958333333333336,12.208333333333334,0.0,53.791666666666664,6.0,1022.2083333333334,13,3000.0,24,42,13,65.04,591.2916666666666,535.94,10.72,Fog,Blizzard,Sunny,1,diesel,male,Unknown,8,0,0
51.75,4.0,0.0,76.25,5.5,1024.0,18.208333333333332,3.5416666666666665,0.0,61.75,6.0,1044.2083333333333,22.0,7.916666666666667,0.0,59.875,6.0,1038.375,10,6000.0,26,50,10,35.29,1732.9583333333333,445.13,8.9,Light snow,Light snow,Sunny,0,diesel,male,conservative,4,0,0
69.5,6.75,0.0,38.0,6.0,1015.5,-17.5,5.916666666666667,0.0,65.125,6.0,1029.25,55.208333333333336,4.625,0.0,86.79166666666667,5.916666666666667,1013.625,9,6000.0,17,43,9,59.3,1791.0833333333333,1672.64,33.45,Sunny,Overcast,Partly cloudy,0,gas,male,proactive,8,1,1
47.5,6.25,0.0,77.0,3.75,1018.0,27.208333333333332,13.875,0.012500000000000002,89.83333333333333,0.5,1009.0416666666666,33.625,13.375,0.0,78.25,3.4583333333333335,1012.25,7,6000.0,21,41,16,46.28,206.25,185.73,3.71,Clear,Blizzard,Blizzard,1,diesel,male,conservative,6,0,0
51.5,10.75,0.0,66.0,6.0,1020.5,38.958333333333336,12.666666666666666,0.0,56.708333333333336,6.0,1021.5,55.354166666666664,6.0,0.012500000000000002,82.22916666666667,4.583333333333333,1013.75,9,3000.0,18,49,6,42.61,1735.3333333333333,980.64,19.61,Cloudy,Sunny,Patchy rain possible,0,gas,male,conservative,2,1,0
71.25,7.75,0.0,69.5,6.0,1012.25,29.0,7.0,0.0,73.79166666666667,5.458333333333333,1022.0833333333334,1.7916666666666667,6.25,0.0,91.5,4.125,1030.125,8,10000.0,23,49,0,60.32,1649.875,1000.1,20.0,Light rain shower,Light snow,Partly cloudy,1,diesel,female,proactive,4,1,1
62.0,5.75,0.0,74.5,3.5,1012.75,75.70833333333333,6.583333333333333,0.0,70.16666666666667,6.0,1010.9166666666666,18.208333333333332,9.625,0.0,76.16666666666667,5.041666666666667,1029.4583333333333,11,10000.0,19,44,10,60.09,1827.9166666666667,1890.43,37.81,Light drizzle,Clear,Clear,1,gas,male,proactive,7,1,0
39.0,3.5,0.0,73.25,5.5,1013.75,28.625,6.708333333333333,0.0,35.333333333333336,6.0,1027.375,59.666666666666664,9.875,0.012500000000000002,94.45833333333333,5.208333333333333,1021.5833333333334,9,6000.0,19,46,11,47.8,1851.4166666666667,2471.31,49.43,Clear,Overcast,Overcast,1,gas,male,conservative,8,1,1
62.0,8.0,0.0,88.75,5.5,1004.75,49.083333333333336,10.416666666666666,0.0,94.16666666666667,5.791666666666667,1003.8333333333334,44.375,11.25,0.0,97.0,6.0,1010.5833333333334,11,6000.0,20,46,7,49.34,1829.9583333333333,267.0,5.34,Clear,Cloudy,Overcast,1,gas,male,conservative,2,0,0
35.75,7.5,0.0,74.25,5.25,1021.0,27.916666666666668,7.125,0.0,41.125,6.0,1029.625,28.25,4.916666666666667,0.0,89.41666666666667,5.625,1030.1666666666667,8,10000.0,21,42,9,59.95,1668.4583333333333,903.25,18.07,Sunny,Partly cloudy,Light snow,1,gas,male,proactive,8,1,0
58.25,5.75,0.0,68.0,6.0,1015.75,30.458333333333332,5.958333333333333,0.0,94.70833333333333,2.625,1026.875,41.833333333333336,12.875,0.0375,91.79166666666667,4.125,1021.75,11,3000.0,14,45,17,44.85,566.6666666666666,800.52,16.01,Clear,Heavy snow,Light rain,1,gas,male,conservative,8,1,0
61.25,7.0,0.0,88.5,4.5,1013.75,14.125,3.8333333333333335,0.0,77.91666666666667,5.375,1036.5416666666667,12.958333333333334,10.75,0.0,62.166666666666664,6.0,1033.0833333333333,11,4000.0,20,45,4,62.09,1673.0416666666667,335.83,6.72,Clear,Partly cloudy,Sunny,0,diesel,male,proactive,3,0,1
39.5,7.5,0.05,75.75,5.0,1016.0,47.833333333333336,9.041666666666666,0.04583333333333334,85.58333333333333,4.958333333333333,1005.0833333333334,56.375,9.791666666666666,0.0,77.66666666666667,6.0,1009.8333333333334,11,10000.0,18,39,6,57.65,1781.2083333333333,211.56,4.23,Moderate rain,Moderate rain,Clear,1,gas,male,proactive,7,0,0
74.5,10.25,0.07500000000000001,77.5,5.25,1014.25,39.083333333333336,6.333333333333333,0.0,69.125,6.0,1010.875,36.041666666666664,8.958333333333334,0.0,81.79166666666667,6.0,1008.5,9,4000.0,19,44,19,61.94,1812.5833333333333,304.17,6.08,Clear,Cloudy,Clear,1,gas,male,proactive,7,0,0
61.25,6.75,0.0,52.75,6.0,1015.0,9.083333333333334,8.5,0.0,83.58333333333333,4.958333333333333,1029.375,30.5,16.375,0.02916666666666667,84.70833333333333,1.5416666666666667,1013.4166666666666,11,3000.0,21,43,14,55.36,1654.5416666666667,377.15,7.54,Clear,Sunny,Blizzard,1,diesel,male,conservative,5,0,0
30.0,12.5,0.0,80.5,3.5,1021.5,33.5,12.333333333333334,0.0,52.458333333333336,5.333333333333333,1003.0,11.75,18.625,0.0,63.291666666666664,6.0,1018.5,8,3000.0,19,54,20,60.43,1643.7083333333333,1659.34,33.19,Blizzard,Sunny,Clear,0,gas,male,Unknown,7,1,1
36.5,12.5,0.0,66.0,3.5,1028.0,29.791666666666668,9.291666666666666,0.0,63.416666666666664,5.291666666666667,1021.25,20.5,6.666666666666667,0.0,56.458333333333336,6.0,1022.625,10,3000.0,20,54,24,53.4,1598.1666666666667,193.12,3.86,Heavy snow,Partly cloudy,Partly cloudy,1,gas,male,conservative,8,0,0
47.25,4.0,0.0,73.25,6.0,1016.0,42.875,12.166666666666666,0.0,57.541666666666664,6.0,1019.125,34.708333333333336,6.125,0.0,56.833333333333336,6.0,1029.1666666666667,11,6000.0,12,51,15,62.61,1750.1666666666667,1668.41,33.37,Partly cloudy,Clear,Clear,1,gas,male,Unknown,5,1,0
65.0,14.25,0.025,75.75,4.25,1015.75,52.354166666666664,6.8125,0.0020833333333333333,54.3125,5.895833333333333,1015.25,23.25,4.916666666666667,0.0,64.66666666666667,4.958333333333333,1027.4166666666667,11,20000.0,26,54,18,42.02,1763.0384615384614,349.44,6.99,Sunny,Clear,Moderate snow,1,diesel,male,conservative,7,0,0
26.0,16.25,0.0,81.75,3.5,1014.25,25.833333333333332,9.5,0.0,43.291666666666664,6.0,1023.7083333333334,29.125,9.5,0.016666666666666666,83.16666666666667,1.375,1017.6666666666666,10,6000.0,27,52,25,48.11,1771.1666666666667,1659.34,33.19,Clear,Clear,Heavy snow,0,diesel,male,conservative,7,1,1
36.0,12.5,0.0,60.25,6.0,1023.5,55.25,10.041666666666666,0.04583333333333334,84.95833333333333,4.791666666666667,1010.625,73.33333333333333,3.875,0.0,85.625,4.166666666666667,1015.0,10,3000.0,17,50,5,60.09,1723.4166666666667,2288.87,45.78,Overcast,Heavy rain,Partly cloudy,0,gas,male,proactive,2,1,0
63.0,17.25,0.0,60.5,6.0,1016.0,59.770833333333336,3.7083333333333335,0.0,72.64583333333333,6.0,1017.4583333333334,38.333333333333336,7.125,0.0,95.75,3.75,1017.5416666666666,10,3000.0,20,54,24,53.4,1711.125,349.44,6.99,Sunny,Clear,Fog,1,gas,male,conservative,8,0,0
46.5,5.5,0.0,63.5,5.0,1010.25,35.458333333333336,13.875,0.016666666666666666,88.79166666666667,2.9166666666666665,1007.4583333333334,61.666666666666664,10.125,0.008333333333333333,61.708333333333336,5.541666666666667,1020.3333333333334,10,15000.0,22,42,16,39.1,753.0833333333334,871.28,17.43,Partly cloudy,Overcast,Sunny,1,diesel,male,conservative,4,1,0
45.5,5.25,0.0,58.5,6.0,1026.25,64.41666666666667,4.916666666666667,0.0,48.416666666666664,6.0,1011.5,58.0,9.833333333333334,0.0,71.875,6.0,1020.0833333333334,6,15000.0,21,51,16,50.22,1758.0,2091.61,41.83,Sunny,Clear,Overcast,1,diesel,male,conservative,7,1,0
65.5,7.0,0.0,76.0,6.0,1012.5,49.083333333333336,5.083333333333333,0.02916666666666667,96.25,3.75,1013.75,40.5,6.875,0.008333333333333333,66.83333333333333,5.708333333333333,1010.1666666666666,9,10000.0,24,53,20,50.23,1103.4583333333333,855.84,17.12,Clear,Moderate rain,Light rain shower,0,diesel,male,conservative,9,1,1
39.5,6.5,0.0,38.25,6.0,1027.5,28.166666666666668,7.541666666666667,0.0,60.166666666666664,4.791666666666667,1024.25,20.458333333333332,7.125,0.0,58.083333333333336,6.0,1026.25,10,3000.0,24,57,10,45.88,1686.4166666666667,229.76,4.6,Clear,Sunny,Sunny,1,diesel,male,conservative,7,0,0
84.75,13.5,0.0,45.0,6.0,1012.75,35.333333333333336,10.625,0.0,79.83333333333333,6.0,1025.7916666666667,15.791666666666666,8.291666666666666,0.0,83.16666666666667,5.875,1028.5833333333333,11,10000.0,17,53,19,40.02,1789.375,392.65,7.85,Sunny,Light snow,Clear,1,gas,male,conservative,9,0,1
71.5,4.75,0.0,52.75,6.0,1019.25,28.166666666666668,7.541666666666667,0.0,60.166666666666664,4.791666666666667,1024.25,57.541666666666664,5.75,0.0,85.58333333333333,2.5833333333333335,1024.4583333333333,7,3000.0,25,41,2,59.77,1686.4166666666667,1063.62,21.27,Clear,Sunny,Light drizzle,1,diesel,male,proactive,4,1,0
78.0,5.75,0.0,68.75,6.0,1017.75,-2.5416666666666665,7.5,0.0,78.125,5.125,1029.6666666666667,-1.2916666666666667,6.375,0.0,77.79166666666667,4.708333333333333,1029.4583333333333,10,3000.0,21,49,-2,58.94,1714.6666666666667,21.39,0.43,Clear,Partly cloudy,Partly cloudy,1,gas,male,proactive,8,0,0
75.5,6.5,0.0,90.0,6.0,1015.5,51.979166666666664,4.708333333333333,0.010416666666666666,71.72916666666667,5.604166666666667,1017.4791666666666,23.875,15.208333333333334,0.008333333333333333,87.33333333333333,3.1666666666666665,1010.0,10,3000.0,24,50,4,44.23,1579.7083333333333,664.12,13.28,Clear,Partly cloudy,Blizzard,0,diesel,male,conservative,8,0,1
67.75,11.5,0.0,69.75,6.0,1025.5,29.791666666666668,9.291666666666666,0.0,63.416666666666664,5.291666666666667,1021.25,-1.2916666666666667,6.375,0.0,77.79166666666667,4.708333333333333,1029.4583333333333,6,10000.0,17,54,6,57.15,1598.1666666666667,420.95,8.42,Clear,Partly cloudy,Partly cloudy,1,gas,male,proactive,8,0,0
73.5,6.75,0.0,31.5,6.0,1015.5,34.083333333333336,6.5,0.008333333333333333,90.125,4.0,1015.875,37.25,5.625,0.0,55.166666666666664,6.0,1016.375,11,10000.0,17,53,19,40.02,1324.0,465.05,9.3,Clear,Clear,Clear,1,gas,male,conservative,9,0,0
50.25,10.75,0.05,88.75,5.0,1013.75,24.166666666666668,13.041666666666666,0.0,91.54166666666667,4.708333333333333,1019.0416666666666,50.166666666666664,5.020833333333333,0.0,29.25,6.0,1025.9166666666667,9,6000.0,20,43,9,60.19,1368.5,659.26,13.19,Clear,Light rain,Sunny,1,gas,male,proactive,3,0,1
61.0,9.75,0.0,71.25,6.0,1022.25,36.958333333333336,7.875,0.0,66.41666666666667,6.0,1023.125,68.5,9.125,0.0,11.583333333333334,6.0,1016.0416666666666,10,3000.0,16,47,4,44.29,1771.7083333333333,5572.07,111.44,Patchy rain possible,Partly cloudy,Clear,0,gas,male,conservative,2,1,1
37.75,8.25,0.0,76.5,6.0,1024.5,60.75,3.125,0.0,67.125,6.0,1014.4583333333334,68.66666666666667,16.833333333333332,0.0,64.20833333333333,6.0,1017.6666666666666,11,3000.0,17,41,4,37.58,1772.5416666666667,1555.46,31.11,Clear,Clear,Sunny,0,gas,male,conservative,4,1,1
65.25,15.25,0.07500000000000001,62.0,4.75,1006.25,9.083333333333334,8.5,0.0,83.58333333333333,4.958333333333333,1029.375,-9.625,5.291666666666667,0.0,84.875,5.958333333333333,1036.25,11,3000.0,18,53,14,47.01,1662.875,260.56,5.21,Clear,Sunny,Partly cloudy,1,gas,male,conservative,5,0,0
59.5,8.75,0.0,61.0,6.0,1006.25,73.54166666666667,2.7083333333333335,0.0,68.29166666666667,6.0,1013.375,32.833333333333336,4.416666666666667,0.0,69.91666666666667,6.0,1026.0416666666667,10,4000.0,22,47,2,43.66,1767.5416666666667,2204.52,44.09,Clear,Partly cloudy,Partly cloudy,1,diesel,male,conservative,3,1,0
55.0,6.5,0.05,97.25,4.75,1009.75,62.916666666666664,3.3333333333333335,0.0,67.91666666666667,6.0,1012.25,75.375,9.958333333333334,0.0,56.458333333333336,6.0,1013.5416666666666,12,6000.0,19,51,18,40.35,1698.875,9183.35,183.67,Moderate rain,Clear,Clear,1,gas,female,conservative,7,1,0
55.0,10.25,0.0,61.25,6.0,1014.0,32.333333333333336,5.541666666666667,0.0,80.83333333333333,6.0,1032.0,27.791666666666668,5.541666666666667,0.0,91.79166666666667,3.375,1029.3333333333333,12,15000.0,14,49,14,63.42,1753.25,408.98,8.18,Clear,Overcast,Moderate snow,0,gas,male,proactive,4,0,0
65.0,8.25,0.0,69.75,6.0,1011.75,18.458333333333332,14.416666666666666,0.004166666666666667,86.125,4.0,1023.875,29.416666666666668,6.791666666666667,0.0,88.75,4.458333333333333,1030.0833333333333,11,3000.0,17,44,13,44.74,1450.9583333333333,952.33,19.05,Clear,Overcast,Heavy snow,1,gas,female,conservative,6,1,0
58.0,13.25,0.0,60.5,6.0,1012.0,39.291666666666664,4.833333333333333,0.0375,88.25,2.7083333333333335,1013.9166666666666,48.666666666666664,6.125,0.02916666666666667,95.66666666666667,3.6666666666666665,1013.7083333333334,9,3000.0,25,53,20,62.51,715.5416666666666,368.04,7.36,Cloudy,Light drizzle,Overcast,1,diesel,male,proactive,7,0,0
57.0,4.5,0.0,62.75,6.0,1015.0,11.125,7.5,0.0,87.625,6.0,1028.2083333333333,20.416666666666668,15.708333333333334,0.0,64.58333333333333,2.5,1021.25,9,6000.0,23,56,19,62.13,1741.0,988.03,19.76,Partly cloudy,Sunny,Blizzard,1,diesel,female,proactive,4,1,0
74.5,11.0,0.0,67.5,6.0,1013.5,22.916666666666668,13.541666666666666,0.025000000000000005,91.91666666666667,0.7083333333333334,1006.75,33.708333333333336,5.625,0.0,42.666666666666664,6.0,1018.3333333333334,9,3000.0,23,50,4,48.14,212.54166666666666,555.36,11.11,Patchy rain possible,Blizzard,Overcast,1,diesel,male,conservative,3,0,0
45.75,11.25,0.0,72.25,6.0,1025.25,26.0,6.041666666666667,0.008333333333333333,67.29166666666667,4.041666666666667,1032.2916666666667,74.45833333333333,14.333333333333334,0.0,67.625,6.0,1015.0833333333334,7,3000.0,16,50,1,58.01,1001.6666666666666,1761.12,35.22,Sunny,Heavy snow,Clear,0,gas,male,proactive,8,1,1
75.0,7.75,0.0,50.75,6.0,1014.75,33.541666666666664,4.791666666666667,0.05416666666666667,95.83333333333333,3.6666666666666665,1014.2083333333334,9.083333333333334,8.5,0.0,83.58333333333333,4.958333333333333,1029.375,13,15000.0,24,41,4,61.24,1486.625,727.48,14.55,Overcast,Mist,Sunny,1,diesel,male,proactive,8,0,0
55.5,10.75,0.0,44.75,6.0,1020.5,24.0,4.291666666666667,0.0,81.125,6.0,1032.2083333333333,54.8125,6.291666666666667,0.02291666666666667,74.5,5.5625,1016.5625,8,15000.0,18,45,14,38.98,1868.625,790.34,15.81,Clear,Partly cloudy,Clear,1,gas,male,conservative,6,0,0
62.0,4.0,0.0,71.25,6.0,1023.5,72.25,11.416666666666666,0.0,14.75,6.0,1017.8333333333334,31.083333333333332,8.75,0.0,80.66666666666667,5.25,1026.625,11,3000.0,20,37,8,52.48,1846.4166666666667,6325.2,126.5,Light rain shower,Clear,Overcast,1,gas,male,conservative,4,1,1
61.5,9.25,0.0,71.25,6.0,1015.0,24.375,12.291666666666666,0.0,86.875,4.333333333333333,1010.375,42.25,14.666666666666666,0.0,47.916666666666664,6.0,1017.625,10,3000.0,18,47,13,59.85,1215.2916666666667,817.86,16.36,Light rain shower,Cloudy,Clear,0,gas,male,proactive,6,1,0
68.5,5.0,0.0,75.75,6.0,1006.75,29.75,4.708333333333333,0.0,44.375,6.0,1024.2916666666667,57.666666666666664,7.791666666666667,0.0,69.33333333333333,6.0,1022.9583333333334,9,15000.0,16,51,22,62.98,1837.8333333333333,1570.81,31.42,Cloudy,Partly cloudy,Sunny,0,gas,male,proactive,7,1,0
57.0,7.5,0.0,75.25,5.75,1014.25,39.0,10.708333333333334,0.05000000000000001,91.45833333333333,3.0416666666666665,1005.8333333333334,33.625,13.375,0.0,78.25,3.4583333333333335,1012.25,8,4000.0,23,58,21,60.79,1138.5833333333333,408.23,8.16,Cloudy,Moderate rain,Blizzard,1,diesel,Unknown,proactive,6,0,0
58.5,5.0,0.0,78.5,3.5,1015.5,-3.25,14.458333333333334,0.0,66.04166666666667,4.583333333333333,1022.3333333333334,49.520833333333336,4.958333333333333,0.006250000000000001,48.395833333333336,5.916666666666667,1022.0833333333334,10,15000.0,23,51,10,57.85,1644.375,478.18,9.56,Light drizzle,Partly cloudy,Partly cloudy,1,diesel,male,proactive,4,0,0
59.5,7.5,0.07500000000000001,74.25,4.25,1012.75,28.583333333333332,7.875,0.0,89.08333333333333,5.833333333333333,1024.0416666666667,54.583333333333336,4.541666666666667,0.0,90.45833333333333,4.75,1024.0833333333333,8,6000.0,20,46,12,59.34,1719.75,893.86,17.88,Cloudy,Sunny,Overcast,0,gas,male,proactive,5,1,0
67.5,9.25,0.0,59.0,6.0,1015.0,38.666666666666664,7.708333333333333,0.0,72.08333333333333,6.0,1013.375,41.75,8.25,0.0,67.83333333333333,5.791666666666667,1014.1666666666666,9,15000.0,24,48,16,59.98,1744.9166666666667,157.85,3.16,Clear,Sunny,Clear,1,diesel,male,proactive,4,0,0
41.5,8.0,0.0,62.75,5.0,1019.5,14.5,11.791666666666666,0.0,48.458333333333336,5.625,1025.75,9.041666666666666,7.875,0.0,87.625,4.625,1026.0,10,15000.0,23,48,9,60.31,1696.625,250.02,5.0,Patchy moderate snow,Sunny,Clear,0,diesel,male,proactive,7,0,0
49.25,4.0,0.0,77.75,5.5,1020.25,32.583333333333336,10.291666666666666,0.0,50.666666666666664,6.0,1017.0,16.125,9.583333333333334,0.0,83.20833333333333,6.0,1024.3333333333333,11,15000.0,19,56,21,60.48,1863.875,1144.89,22.9,Clear,Clear,Clear,1,gas,male,proactive,7,1,1
64.25,8.25,0.0,51.0,6.0,1017.0,-1.875,6.833333333333333,0.0,79.83333333333333,6.0,1024.7083333333333,32.75,9.458333333333334,0.0,51.375,6.0,1017.0,13,20000.0,17,57,26,44.76,1763.7083333333333,840.31,16.81,Clear,Cloudy,Clear,1,gas,male,conservative,4,1,0
50.0,7.0,0.0,79.25,6.0,1007.25,27.208333333333332,13.875,0.012500000000000002,89.83333333333333,0.5,1009.0416666666666,36.708333333333336,13.416666666666666,0.03333333333333333,92.625,3.25,1005.2916666666666,7,3000.0,22,43,10,57.78,189.58333333333334,406.64,8.13,Clear,Blizzard,Moderate rain,1,diesel,male,proactive,4,0,0
69.75,6.0,0.0,45.75,6.0,1018.0,21.291666666666668,5.041666666666667,0.0,72.41666666666667,6.0,1021.625,27.958333333333332,4.416666666666667,0.0,84.83333333333333,4.583333333333333,1018.875,9,4000.0,24,55,22,62.7,1755.625,6847.86,136.96,Partly cloudy,Sunny,Mist,1,diesel,male,Unknown,8,1,1
30.5,4.25,0.0,48.5,6.0,1031.0,29.708333333333332,2.9583333333333335,0.0,93.5,4.416666666666667,1031.0,32.333333333333336,5.541666666666667,0.0,80.83333333333333,6.0,1032.0,8,4000.0,21,40,2,51.78,1336.6666666666667,193.12,3.86,Clear,Overcast,Overcast,0,diesel,male,conservative,3,0,0
45.5,6.0,0.0,81.0,6.0,1019.5,23.708333333333332,8.583333333333334,0.0,48.5,6.0,1033.4166666666667,74.45833333333333,14.333333333333334,0.0,67.625,6.0,1015.0833333333334,9,3000.0,20,49,17,38.51,1673.8333333333333,2203.95,44.08,Cloudy,Sunny,Clear,1,gas,male,conservative,4,1,0
61.0,3.5,0.0,55.25,6.0,1015.0,33.541666666666664,4.791666666666667,0.05416666666666667,95.83333333333333,3.6666666666666665,1014.2083333333334,53.875,14.125,0.08333333333333333,85.70833333333333,3.75,1007.625,9,15000.0,24,48,16,59.98,1486.625,681.4,13.63,Clear,Mist,Heavy rain,1,diesel,male,proactive,4,0,1
33.0,4.75,0.0,87.5,3.5,1020.75,33.291666666666664,5.666666666666667,0.0,32.666666666666664,6.0,1013.1666666666666,-11.791666666666666,5.541666666666667,0.0,74.83333333333333,3.5416666666666665,1030.25,7,15000.0,17,46,12,44.43,1742.75,728.4,14.57,Moderate snow,Partly cloudy,Heavy snow,0,gas,male,conservative,6,0,0
64.0,12.0,0.0,93.75,4.75,1013.5,51.979166666666664,4.708333333333333,0.010416666666666666,71.72916666666667,5.604166666666667,1017.4791666666666,22.916666666666668,13.541666666666666,0.025000000000000005,91.91666666666667,0.7083333333333334,1006.75,7,3000.0,23,52,26,44.61,1601.2,556.81,11.14,Light rain shower,Partly cloudy,Blizzard,1,diesel,male,conservative,8,0,0
31.5,6.0,0.0,88.0,5.75,1010.25,33.625,13.375,0.0,78.25,3.4583333333333335,1012.25,35.458333333333336,13.875,0.016666666666666666,88.79166666666667,2.9166666666666665,1007.4583333333334,12,15000.0,23,51,17,58.27,1085.6666666666667,240.42,4.81,Light snow,Blizzard,Overcast,1,diesel,male,proactive,9,0,0
59.5,12.0,0.0,70.0,6.0,1015.25,36.041666666666664,8.333333333333334,0.0,24.5,6.0,1023.4166666666666,85.83333333333333,12.458333333333334,0.0,21.75,6.0,1013.0416666666666,10,15000.0,20,40,4,61.26,1768.875,9908.05,198.16,Clear,Sunny,Clear,1,diesel,male,proactive,7,1,0
66.0,7.5,0.05,77.75,5.0,1007.5,32.583333333333336,6.541666666666667,0.0,61.166666666666664,6.0,1017.375,32.5,4.0,0.0,93.79166666666667,3.4166666666666665,1023.8333333333334,13,4000.0,20,46,12,49.89,1741.4583333333333,1052.25,21.04,Moderate rain,Clear,Overcast,1,gas,male,conservative,5,1,1
41.5,5.0,0.0,66.25,6.0,1015.0,18.75,5.375,0.0,78.66666666666667,5.25,1023.7916666666666,23.333333333333332,8.041666666666666,0.0,60.0,6.0,1026.5833333333333,9,4000.0,17,50,8,48.74,1499.0,1430.92,28.62,Clear,Moderate snow,Sunny,1,gas,male,conservative,8,1,1
63.0,8.5,0.0,95.75,1.0,1016.5,40.041666666666664,4.791666666666667,0.0,85.33333333333333,6.0,1021.0,38.208333333333336,4.0,0.0,80.08333333333333,6.0,1021.0,12,3000.0,25,52,21,60.99,1833.7083333333333,204.34,4.09,Fog,Clear,Clear,1,diesel,male,proactive,4,0,0
48.0,5.5,0.0,66.75,6.0,1015.75,49.333333333333336,9.5,0.03333333333333333,83.79166666666667,5.041666666666667,1005.7083333333334,44.291666666666664,10.083333333333334,0.0,69.04166666666667,5.333333333333333,1016.625,9,6000.0,19,47,7,56.77,1619.125,416.87,8.34,Partly cloudy,Moderate rain,Cloudy,1,gas,female,proactive,8,0,0
48.25,6.5,0.0,63.25,6.0,1023.5,73.33333333333333,3.875,0.0,85.625,4.166666666666667,1015.0,21.791666666666668,6.416666666666667,0.0,57.916666666666664,6.0,1022.3333333333334,10,3000.0,19,55,19,60.97,1635.0,2031.49,40.63,Sunny,Partly cloudy,Partly cloudy,1,gas,male,proactive,9,1,0
68.0,11.25,0.0,85.0,6.0,1012.25,13.875,6.208333333333333,0.0,55.416666666666664,6.0,1044.0416666666667,1.9166666666666667,3.9166666666666665,0.0,83.375,6.0,1044.75,8,10000.0,21,46,12,60.46,1890.7083333333333,186.34,3.73,Light rain shower,Sunny,Partly cloudy,1,gas,male,proactive,5,0,0
47.75,12.5,0.0,51.25,4.25,1016.25,24.0,8.541666666666666,0.012500000000000002,92.75,2.8333333333333335,1010.5416666666666,35.458333333333336,13.875,0.016666666666666666,88.79166666666667,2.9166666666666665,1007.4583333333334,13,4000.0,20,47,5,50.88,1036.1666666666667,414.27,8.29,Clear,Overcast,Overcast,0,gas,male,conservative,4,0,0
77.0,4.75,0.0,38.0,6.0,1013.5,29.666666666666668,12.916666666666666,0.03333333333333333,86.45833333333333,3.75,1013.0416666666666,22.583333333333332,11.833333333333334,0.03333333333333333,94.04166666666667,1.625,1008.5416666666666,11,15000.0,19,42,0,63.14,1116.9166666666667,589.99,11.8,Sunny,Blizzard,Heavy snow,0,gas,male,Unknown,7,0,1
65.75,5.25,0.0,67.75,6.0,1018.75,33.666666666666664,5.083333333333333,0.0,79.45833333333333,5.333333333333333,1012.9166666666666,31.833333333333332,4.125,0.0,87.375,6.0,1008.625,12,15000.0,14,49,14,63.42,1486.5416666666667,741.88,14.84,Patchy rain possible,Clear,Clear,0,gas,male,proactive,4,0,0
45.75,8.25,0.0,64.5,5.25,1012.5,65.0,11.375,0.0,80.875,5.958333333333333,1014.2916666666666,25.875,12.541666666666666,0.008333333333333333,92.95833333333333,4.375,1018.0,7,6000.0,20,50,6,66.02,1817.4583333333333,857.17,17.14,Clear,Partly cloudy,Light snow,1,gas,male,Unknown,8,1,1
26.5,8.0,0.0,89.0,4.0,1023.0,20.958333333333332,8.375,0.0,77.08333333333333,6.0,1026.5833333333333,0.20833333333333334,6.583333333333333,0.0,90.83333333333333,3.9166666666666665,1025.9166666666667,8,3000.0,17,53,19,58.62,1704.7916666666667,239.93,4.8,Clear,Clear,Heavy snow,0,gas,male,proactive,9,0,1
75.5,6.75,0.0,59.5,6.0,1013.0,35.333333333333336,10.625,0.0,79.83333333333333,6.0,1025.7916666666667,31.083333333333332,8.75,0.0,80.66666666666667,5.25,1026.625,9,20000.0,15,43,5,40.95,1797.7083333333333,60.43,1.21,Sunny,Light snow,Overcast,1,gas,male,conservative,3,0,0
37.5,4.0,0.0,81.25,3.5,1018.0,75.70833333333333,6.583333333333333,0.0,70.16666666666667,6.0,1010.9166666666666,39.0,9.958333333333334,0.0,82.20833333333333,6.0,1022.9166666666666,10,4000.0,18,49,19,60.96,1827.9166666666667,1666.2,33.32,Heavy snow,Clear,Overcast,1,gas,male,proactive,7,1,0
61.5,13.0,0.0,50.0,6.0,1018.75,15.791666666666666,8.291666666666666,0.0,83.16666666666667,5.875,1028.5833333333333,18.208333333333332,9.625,0.0,76.16666666666667,5.041666666666667,1029.4583333333333,11,6000.0,23,41,6,39.81,1782.0833333333333,83.21,1.66,Sunny,Clear,Clear,0,diesel,male,conservative,2,0,0
42.0,9.75,0.0,79.75,4.75,1012.25,46.208333333333336,7.166666666666667,0.0,82.04166666666667,6.0,1016.3333333333334,33.166666666666664,7.625,0.0,54.791666666666664,6.0,1015.6666666666666,10,3000.0,26,54,21,59.86,1688.9166666666667,1259.42,25.19,Clear,Partly cloudy,Cloudy,0,diesel,male,proactive,9,1,1
74.0,8.5,0.0,50.25,6.0,1011.75,23.333333333333332,18.875,0.0,66.29166666666667,4.625,1024.8333333333333,9.083333333333334,8.5,0.0,83.58333333333333,4.958333333333333,1029.375,4,15000.0,25,49,2,58.97,1473.3333333333333,558.82,11.18,Overcast,Clear,Sunny,1,diesel,male,proactive,2,0,0
74.0,8.0,0.0,61.25,6.0,1015.75,39.291666666666664,4.833333333333333,0.0375,88.25,2.7083333333333335,1013.9166666666666,40.5,6.875,0.008333333333333333,66.83333333333333,5.708333333333333,1010.1666666666666,8,3000.0,16,46,7,58.65,707.2083333333334,450.7,9.01,Light rain shower,Light drizzle,Light rain shower,0,gas,male,proactive,3,0,0
53.0,9.75,0.0,87.75,6.0,1004.75,14.416666666666666,7.666666666666667,0.0,47.541666666666664,5.416666666666667,1028.375,-14.5,6.833333333333333,0.0,72.83333333333333,4.666666666666667,1025.7916666666667,8,15000.0,18,51,25,48.95,1776.4583333333333,563.66,11.27,Partly cloudy,Overcast,Partly cloudy,0,gas,female,conservative,4,0,0
69.0,8.25,0.0,96.5,4.5,1010.25,49.083333333333336,10.416666666666666,0.0,94.16666666666667,5.791666666666667,1003.8333333333334,49.791666666666664,8.25,0.0,93.0,6.0,1011.0416666666666,7,15000.0,24,43,10,62.38,1829.9583333333333,268.65,5.37,Patchy rain possible,Cloudy,Cloudy,1,diesel,male,proactive,2,0,0
55.0,7.25,0.0,65.75,3.25,1017.25,13.875,13.541666666666666,0.012500000000000002,89.5,3.5416666666666665,1023.875,10.5,9.25,0.004166666666666667,74.375,4.333333333333333,1028.0416666666667,9,6000.0,17,54,17,61.52,1370.1666666666667,207.01,4.14,Freezing fog,Blizzard,Heavy snow,0,gas,male,proactive,8,0,0
58.5,6.5,0.0,73.75,5.25,1015.5,-3.5416666666666665,5.708333333333333,0.0,95.04166666666667,2.7916666666666665,1027.3333333333333,31.375,4.125,0.0,78.95833333333333,3.7916666666666665,1012.4583333333334,6,15000.0,26,43,15,59.96,1021.8333333333334,1255.09,25.1,Moderate or heavy rain shower,Heavy snow,Patchy heavy snow,1,diesel,male,proactive,6,1,1
